lon,lat,lonr,latr,age,AGB,BGB,GPP,NPP,gf_flag,Igrid
110.566666666667,19.9333333333333,111,19,6,15.816,,,,,291.0-109.0
110.566666666667,19.9333333333333,111,19,11,22.714,,,,,291.0-109.0
110.566666666667,19.9333333333333,111,19,6,18.676,,,,,291.0-109.0
110.566666666667,19.9333333333333,111,19,11,1.336,,,,,291.0-109.0
110.566666666667,19.9333333333333,111,19,11,29.405,,,,,291.0-109.0
110.616666666667,19.8833333333333,111,19,50,248.495,171.804,,,,291.0-109.0
110.805916666667,19.6103898148148,111,19,50,449.623,116.267,,,,291.0-109.0
110.805916666667,19.6103898148148,111,19,50,352.652,92.801,,,,291.0-109.0
110.805916666667,19.6103898148148,111,19,50,386.035,121.302,,,,291.0-109.0
110.805916666667,19.6103898148148,111,19,50,157.012,47.679,,,,291.0-109.0
110.805916666667,19.6103898148148,111,19,50,154.142,109.741,,,,291.0-109.0
110.805916666667,19.6103898148148,111,19,50,294.363,84.894,,,,291.0-109.0
110.805916666667,19.6103898148148,111,19,50,168.45,65.472,,,,291.0-109.0
110.805916666667,19.6103898148148,111,19,50,318.998,91.827,,,,291.0-109.0
110.805916666667,19.6103898148148,111,19,50,252.742,63.026,,,,291.0-109.0
110.805916666667,19.6103898148148,111,19,50,52.9546875,18.6328125,,,,291.0-109.0
110.805916666667,19.6103898148148,111,19,50,49.634375,20.00625,,,,291.0-109.0
110.805916666667,19.6103898148148,111,19,50,152.46875,61.1296875,,,,291.0-109.0
110.805916666667,19.6103898148148,111,19,50,313.286,80.568,,,,291.0-109.0
110.805916666667,19.6103898148148,111,19,50,194.442,90.164,,,,291.0-109.0
110.805916666667,19.6103898148148,111,19,50,932.826,255.053,,,,291.0-109.0
110.805916666667,19.6103898148148,111,19,50,511.913,149.204,,,,291.0-109.0
110.805916666667,19.6103898148148,111,19,50,887.433,216.04,,,,291.0-109.0
110.805916666667,19.6103898148148,111,19,50,568.999,144.086,,,,291.0-109.0
110.805916666667,19.6103898148148,111,19,50,806.8,265.208,,,,291.0-109.0
110.805916666667,19.6103898148148,111,19,50,794.454,220.977,,,,291.0-109.0
110.805916666667,19.6103898148148,111,19,50,584.357,166.205,,,,291.0-109.0
110.805916666667,19.6103898148148,111,19,50,297.229,87.8,,,,291.0-109.0
110.805916666667,19.6103898148148,111,19,50,897.879,220.476,,,,291.0-109.0
110.805916666667,19.6103898148148,111,19,50,356.783,79.666,,,,291.0-109.0
110.805916666667,19.6103898148148,111,19,50,584.263,153.607,,,,291.0-109.0
110.805916666667,19.6103898148148,111,19,50,228.423,49.645,,,,291.0-109.0
110.805916666667,19.6103898148148,111,19,50,207.125,38.145,,,,291.0-109.0
110.805916666667,19.6103898148148,111,19,50,290.766,102.41,,,,291.0-109.0
110.805916666667,19.6103898148148,111,19,50,432.407,108.296,,,,291.0-109.0
110.805916666667,19.6103898148148,111,19,50,612.602,218.238,,,,291.0-109.0
110.805916666667,19.6103898148148,111,19,50,56.783,29.215,,,,291.0-109.0
110.805916666667,19.6103898148148,111,19,50,307.886,109.93,,,,291.0-109.0
110.805916666667,19.6103898148148,111,19,50,36.21,12.566,,,,291.0-109.0
110.805916666667,19.6103898148148,111,19,50,213.46,70.967,,,,291.0-109.0
110.805916666667,19.6103898148148,111,19,50,45.419,13.769,,,,291.0-109.0
110.805916666667,19.6103898148148,111,19,50,254.737,88.543,,,,291.0-109.0
110.805916666667,19.6103898148148,111,19,50,406.039,88.392,,,,291.0-109.0
110.805916666667,19.6103898148148,111,19,50,252.063,82.104,,,,291.0-109.0
110.805916666667,19.6103898148148,111,19,50,245.729,77.326,,,,291.0-109.0
110.805916666667,19.6103898148148,111,19,50,434.389,131.148,,,,291.0-109.0
110.805916666667,19.6103898148148,111,19,50,376.655,118.657,,,,291.0-109.0
110.805916666667,19.6103898148148,111,19,50,249.513,89.654,,,,291.0-109.0
110.805916666667,19.6103898148148,111,19,50,394.458,151.685,,,,291.0-109.0
110.805916666667,19.6103898148148,111,19,50,174.182,65.646,,,,291.0-109.0
110.805916666667,19.6103898148148,111,19,50,258.014,184.68,,,,291.0-109.0
110.805916666667,19.6103898148148,111,19,50,248.794,84.876,,,,291.0-109.0
110.805916666667,19.6103898148148,111,19,50,472.761,139.583,,,,291.0-109.0
110.805916666667,19.6103898148148,111,19,50,288.83,90.442,,,,291.0-109.0
110.805916666667,19.6103898148148,111,19,50,327.111,124.172,,,,291.0-109.0
110.805916666667,19.6103898148148,111,19,50,468.108,143.483,,,,291.0-109.0
110.805916666667,19.6103898148148,111,19,50,322.652,93.425,,,,291.0-109.0
110.805916666667,19.6103898148148,111,19,50,359.955,108.681,,,,291.0-109.0
110.805916666667,19.6103898148148,111,19,50,453.053,148.797,,,,291.0-109.0
110.805916666667,19.6103898148148,111,19,50,432.952,139.267,,,,291.0-109.0
110.805916666667,19.6103898148148,111,19,50,526.643,156.99,,,,291.0-109.0
110.805916666667,19.6103898148148,111,19,50,355.158,104.042,,,,291.0-109.0
110.805916666667,19.6103898148148,111,19,50,415.011,143.522,,,,291.0-109.0
110.805916666667,19.6103898148148,111,19,50,255.542,84.529,,,,291.0-109.0
110.805916666667,19.6103898148148,111,19,50,309.831,126.564,,,,291.0-109.0
110.805916666667,19.6103898148148,111,19,50,156.081,79.473,,,,291.0-109.0
110.805916666667,19.6103898148148,111,19,50,219.757,80.613,,,,291.0-109.0
110.805916666667,19.6103898148148,111,19,50,188.111,136.983,,,,291.0-109.0
110.805916666667,19.6103898148148,111,19,50,169.508,82.455,,,,291.0-109.0
110.805916666667,19.6103898148148,111,19,50,197.778,112.776,,,,291.0-109.0
110.805916666667,19.6103898148148,111,19,50,154.638729298172,98.6395514560654,,,,291.0-109.0
110.805916666667,19.6103898148148,111,19,50,176.887136803988,65.4508501861998,,,,291.0-109.0
110.805916666667,19.6103898148148,111,19,50,111.698122903094,48.2653878297004,,,,291.0-109.0
110.805916666667,19.6103898148148,111,19,50,262.450720045598,84.5881572212798,,,,291.0-109.0
110.805916666667,19.6103898148148,111,19,50,145.27988175257,53.154787626174,,,,291.0-109.0
110.805916666667,19.6103898148148,111,19,50,66.6723434119382,27.5190029147337,,,,291.0-109.0
110.805916666667,19.6103898148148,111,19,50,223.76339947767,109.7423984661,,,,291.0-109.0
110.805916666667,19.6103898148148,111,19,50,170.723571439927,132.505723377373,,,,291.0-109.0
110.805916666667,19.6103898148148,111,19,50,198.833787977286,91.3229212913718,,,,291.0-109.0
110.805916666667,19.6103898148148,111,19,50,239.399439191594,75.7316813034186,,,,291.0-109.0
110.805916666667,19.6103898148148,111,19,50,108.205854750897,54.2468211137073,,,,291.0-109.0
110.578063425926,19.95160625,111,19,50,119.842857142857,54.6836734693878,,,,291.0-109.0
110.578063425926,19.95160625,111,19,50,79.5816326530612,41.6448979591837,,,,291.0-109.0
110.578063425926,19.95160625,111,19,50,35.9510204081633,23.6489795918367,,,,291.0-109.0
110.578063425926,19.95160625,111,19,50,104.820408163265,49.0408163265306,,,,291.0-109.0
110.578063425926,19.95160625,111,19,50,103.314285714286,47.0877551020408,,,,291.0-109.0
110.578063425926,19.95160625,111,19,50,57.930612244898,33.6102040816327,,,,291.0-109.0
110.578063425926,19.95160625,111,19,50,36.808,40.122,,,,291.0-109.0
110.578063425926,19.95160625,111,19,50,46.352,54.29,,,,291.0-109.0
110.578063425926,19.95160625,111,19,50,39.191,35.013,,,,291.0-109.0
110.578063425926,19.95160625,111,19,50,176.54,78.377,,,,291.0-109.0
110.578063425926,19.95160625,111,19,50,136.022,62.134,,,,291.0-109.0
110.578063425926,19.95160625,111,19,50,162.563,67.292,,,,291.0-109.0
110.578063425926,19.95160625,111,19,50,96.58,46.944,,,,291.0-109.0
110.578063425926,19.95160625,111,19,50,125.178,53.453,,,,291.0-109.0
110.578063425926,19.95160625,111,19,50,157.24,70.423,,,,291.0-109.0
110.578063425926,19.95160625,111,19,50,127.645,62.236,,,,291.0-109.0
110.578063425926,19.95160625,111,19,50,103.307,54.385,,,,291.0-109.0
110.578063425926,19.95160625,111,19,50,92.527,49.112,,,,291.0-109.0
110.578063425926,19.95160625,111,19,50,40.3456790123457,18.1975308641975,,,,291.0-109.0
110.578063425926,19.95160625,111,19,50,118.77037037037,59.4185185185185,,,,291.0-109.0
110.578063425926,19.95160625,111,19,50,16.9333333333333,11.1530864197531,,,,291.0-109.0
110.578063425926,19.95160625,111,19,50,19.1493827160494,10.7283950617284,,,,291.0-109.0
110.578063425926,19.95160625,111,19,50,44.9135802469136,19.3950617283951,,,,291.0-109.0
110.578063425926,19.95160625,111,19,50,249.5,111.992592592593,,,,291.0-109.0
110.578063425926,19.95160625,111,19,50,31.762962962963,17.6753086419753,,,,291.0-109.0
110.578063425926,19.95160625,111,19,50,24.4024691358025,14.2962962962963,,,,291.0-109.0
110.578063425926,19.95160625,111,19,50,293.039506172839,120.424691358025,,,,291.0-109.0
110.578063425926,19.95160625,111,19,50,348.559259259259,136.802469135803,,,,291.0-109.0
110.578063425926,19.95160625,111,19,50,46.2666666666667,25.0469135802469,,,,291.0-109.0
110.578063425926,19.95160625,111,19,50,380.983950617284,120.001234567901,,,,291.0-109.0
110.578063425926,19.95160625,111,19,50,236.434567901235,87.8185185185185,,,,291.0-109.0
110.578063425926,19.95160625,111,19,50,222.195061728395,92.0555555555556,,,,291.0-109.0
110.578063425926,19.95160625,111,19,50,26.0666666666667,16.9234567901235,,,,291.0-109.0
110.578063425926,19.95160625,111,19,50,227.264197530864,92.6444444444444,,,,291.0-109.0
110.578063425926,19.95160625,111,19,50,295.238271604938,113.833333333333,,,,291.0-109.0
110.578063425926,19.95160625,111,19,50,44.0694444444445,29,,,,291.0-109.0
110.578063425926,19.95160625,111,19,50,57.1194444444445,37.0388888888889,,,,291.0-109.0
110.578063425926,19.95160625,111,19,50,66.5277777777778,34.8166666666667,,,,291.0-109.0
110.578063425926,19.95160625,111,19,50,110.897222222222,54.1777777777778,,,,291.0-109.0
110.578063425926,19.95160625,111,19,50,76.0666666666667,40.1694444444445,,,,291.0-109.0
110.578063425926,19.95160625,111,19,50,89.7638888888889,47.8138888888889,,,,291.0-109.0
110.578063425926,19.95160625,111,19,50,49.3722222222222,29.6861111111111,,,,291.0-109.0
110.578063425926,19.95160625,111,19,50,21.1666666666667,14.6083333333333,,,,291.0-109.0
110.578063425926,19.95160625,111,19,50,42.0027777777778,26.0888888888889,,,,291.0-109.0
110.578063425926,19.95160625,111,19,50,22.8640625,15.459375,,,,291.0-109.0
110.578063425926,19.95160625,111,19,50,20.865625,13.6859375,,,,291.0-109.0
110.578063425926,19.95160625,111,19,50,17.5984375,12.3828125,,,,291.0-109.0
110.578063425926,19.95160625,111,19,50,31.4796875,22.890625,,,,291.0-109.0
110.578063425926,19.95160625,111,19,50,49.9953125,22.1671875,,,,291.0-109.0
110.578063425926,19.95160625,111,19,50,16.7859375,12.603125,,,,291.0-109.0
110.578063425926,19.95160625,111,19,50,271.5953125,116.6484375,,,,291.0-109.0
110.578063425926,19.95160625,111,19,50,157.89375,73.14375,,,,291.0-109.0
110.578063425926,19.95160625,111,19,50,18.9625,12.803125,,,,291.0-109.0
110.578063425926,19.95160625,111,19,50,397.397530864198,124.923456790123,,,,291.0-109.0
110.578063425926,19.95160625,111,19,50,677.124691358025,195.638271604938,,,,291.0-109.0
110.578063425926,19.95160625,111,19,50,149.230864197531,48.0691358024691,,,,291.0-109.0
110.578063425926,19.95160625,111,19,50,538.92962962963,164.298765432099,,,,291.0-109.0
110.578063425926,19.95160625,111,19,50,518.218518518518,159.391358024691,,,,291.0-109.0
110.578063425926,19.95160625,111,19,50,237.304938271605,91.8,,,,291.0-109.0
110.578063425926,19.95160625,111,19,50,63.8185185185185,25.5246913580247,,,,291.0-109.0
110.578063425926,19.95160625,111,19,50,114.145679012346,42.241975308642,,,,291.0-109.0
110.578063425926,19.95160625,111,19,50,129.411111111111,52.3925925925926,,,,291.0-109.0
110.578063425926,19.95160625,111,19,50,190.571604938272,73.4962962962963,,,,291.0-109.0
110.578063425926,19.95160625,111,19,50,108.055555555556,45.5876543209877,,,,291.0-109.0
110.578063425926,19.95160625,111,19,50,174.806172839506,62.2567901234568,,,,291.0-109.0
110.578063425926,19.95160625,111,19,50,38.9753086419753,19.8543209876543,,,,291.0-109.0
110.578063425926,19.95160625,111,19,50,129.046913580247,50.2098765432099,,,,291.0-109.0
110.578063425926,19.95160625,111,19,50,55.8987654320988,23.9222222222222,,,,291.0-109.0
110.578063425926,19.95160625,111,19,50,21.3240740740741,75.7407407407408,,,,291.0-109.0
110.578063425926,19.95160625,111,19,50,19.6225925925926,72.2691358024691,,,,291.0-109.0
110.578063425926,19.95160625,111,19,50,27.641975308642,92.2975308641975,,,,291.0-109.0
110.578063425926,19.95160625,111,19,50,218.258,80.437,,,,291.0-109.0
110.578063425926,19.95160625,111,19,50,109.823,47.934,,,,291.0-109.0
110.578063425926,19.95160625,111,19,50,324.46,100.581,,,,291.0-109.0
110.578063425926,19.95160625,111,19,50,144.796,59.696,,,,291.0-109.0
110.578063425926,19.95160625,111,19,50,213.539,75.426,,,,291.0-109.0
110.578063425926,19.95160625,111,19,50,254.664,85.473,,,,291.0-109.0
110.578063425926,19.95160625,111,19,50,57.953,35.157,,,,291.0-109.0
110.578063425926,19.95160625,111,19,50,74.047,36.538,,,,291.0-109.0
110.578063425926,19.95160625,111,19,50,92.852,51.708,,,,291.0-109.0
110.578063425926,19.95160625,111,19,50,108.979012345679,32.2518518518519,,,,291.0-109.0
110.578063425926,19.95160625,111,19,50,233.361728395062,87.4950617283951,,,,291.0-109.0
110.578063425926,19.95160625,111,19,50,46.9012345679012,21.8888888888889,,,,291.0-109.0
110.578063425926,19.95160625,111,19,50,192.933333333333,76.1975308641975,,,,291.0-109.0
110.578063425926,19.95160625,111,19,50,174.7,66.2530864197531,,,,291.0-109.0
110.578063425926,19.95160625,111,19,50,200.248148148148,76.0543209876543,,,,291.0-109.0
110.578063425926,19.95160625,111,19,50,32.6160493827161,17.2185185185185,,,,291.0-109.0
110.578063425926,19.95160625,111,19,50,226.853086419753,98.3506172839506,,,,291.0-109.0
110.578063425926,19.95160625,111,19,50,220.653086419753,87.620987654321,,,,291.0-109.0
110.578063425926,19.95160625,111,19,50,269.57037037037,99.8123456790124,,,,291.0-109.0
110.578063425926,19.95160625,111,19,50,25.9,19.5617283950617,,,,291.0-109.0
110.578063425926,19.95160625,111,19,50,236.258024691358,91.5308641975309,,,,291.0-109.0
110.578063425926,19.95160625,111,19,50,110.862962962963,50.8,,,,291.0-109.0
110.578063425926,19.95160625,111,19,50,18.9740740740741,16.8469135802469,,,,291.0-109.0
110.578063425926,19.95160625,111,19,50,127.324691358025,73.5234567901235,,,,291.0-109.0
110.578063425926,19.95160625,111,19,50,112.327160493827,62.1432098765432,,,,291.0-109.0
110.578063425926,19.95160625,111,19,50,100.588888888889,53.5246913580247,,,,291.0-109.0
110.578063425926,19.95160625,111,19,50,111.504938271605,54.5864197530864,,,,291.0-109.0
110.616666666667,19.8833333333333,111,19,50,,,,4.039719,,291.0-109.0
,,111,19,47,,,4.47094991573398,,1,291.0-109.0
109.7,19.75,109,19,50,57.48,20.74,,,,289.0-109.0
109.7,19.75,109,19,50,68.5,35.8,,,,289.0-109.0
109.7,19.75,109,19,50,298.44,224.44,,,,289.0-109.0
109.7,19.75,109,19,50,69.32,43.78,,,,289.0-109.0
109.7,19.75,109,19,50,311.84,153.8,,,,289.0-109.0
109.7,19.75,109,19,50,66.58,32.62,,,,289.0-109.0
109.7,19.75,109,19,50,499.74,198,,,,289.0-109.0
109.7,19.75,109,19,50,173.86,98.14,,,,289.0-109.0
109.7,19.75,109,19,50,617.54,225.4,,,,289.0-109.0
109.7,19.75,109,19,50,392.26,160.98,,,,289.0-109.0
109.7,19.75,109,19,50,121.12,65.94,,,,289.0-109.0
109.7,19.75,109,19,50,407.32,174.76,,,,289.0-109.0
109.607871296296,18.2482305555556,109,19,50,19.684,30.457,,,,289.0-109.0
109.607871296296,18.2482305555556,109,19,50,37.774,86.462,,,,289.0-109.0
109.607871296296,18.2482305555556,109,19,50,17.741,49.578,,,,289.0-109.0
109.607871296296,18.2482305555556,109,19,50,39.156,20.791,,,,289.0-109.0
109.607871296296,18.2482305555556,109,19,50,42.865,28.461,,,,289.0-109.0
109.607871296296,18.2482305555556,109,19,50,115.437,100.755,,,,289.0-109.0
109.607871296296,18.2482305555556,109,19,50,41.936,26.239,,,,289.0-109.0
109.607871296296,18.2482305555556,109,19,50,33.809,20.062,,,,289.0-109.0
109.607871296296,18.2482305555556,109,19,50,54.553,35.257,,,,289.0-109.0
109.607871296296,18.2482305555556,109,19,50,48.757,30.89,,,,289.0-109.0
109.607871296296,18.2482305555556,109,19,50,17.36,11.993,,,,289.0-109.0
109.607871296296,18.2482305555556,109,19,50,9.557,6.592,,,,289.0-109.0
109.607871296296,18.2482305555556,109,19,50,257.265,200.216,,,,289.0-109.0
109.607871296296,18.2482305555556,109,19,50,45.296,12.849,,,,289.0-109.0
109.607871296296,18.2482305555556,109,19,50,133.53,54.092,,,,289.0-109.0
109.255763888889,19.7674916666667,109,19,50,42.5775510204082,45.8591836734694,,,,289.0-109.0
109.255763888889,19.7674916666667,109,19,50,55.7816326530612,70.2877551020408,,,,289.0-109.0
109.255763888889,19.7674916666667,109,19,50,4.56734693877551,23.469387755102,,,,289.0-109.0
109.255763888889,19.7674916666667,109,19,50,7.05510204081633,25.0020408163265,,,,289.0-109.0
109.255763888889,19.7674916666667,109,19,50,20.5775510204082,40.6265306122449,,,,289.0-109.0
109.255763888889,19.7674916666667,109,19,50,27.7979591836735,33.4775510204082,,,,289.0-109.0
109.255763888889,19.7674916666667,109,19,50,64.1387755102041,67.4387755102041,,,,289.0-109.0
109.255763888889,19.7674916666667,109,19,50,55.1959183673469,75.830612244898,,,,289.0-109.0
109.255763888889,19.7674916666667,109,19,50,19.8734693877551,39.1775510204082,,,,289.0-109.0
109.255763888889,19.7674916666667,109,19,50,37.6361111111111,27.4,,,,289.0-109.0
109.255763888889,19.7674916666667,109,19,50,36.2777777777778,22.5888888888889,,,,289.0-109.0
109.255763888889,19.7674916666667,109,19,50,179.561111111111,124.205555555556,,,,289.0-109.0
109.255763888889,19.7674916666667,109,19,50,58.5361111111111,36.6111111111111,,,,289.0-109.0
109.255763888889,19.7674916666667,109,19,50,48.7055555555556,30.0944444444445,,,,289.0-109.0
109.255763888889,19.7674916666667,109,19,50,44.0638888888889,24.8222222222222,,,,289.0-109.0
109.255763888889,19.7674916666667,109,19,50,33.2888888888889,24.3111111111111,,,,289.0-109.0
109.255763888889,19.7674916666667,109,19,50,31.2416666666667,25.7555555555556,,,,289.0-109.0
109.255763888889,19.7674916666667,109,19,50,44.0527777777778,25.3222222222222,,,,289.0-109.0
109.255763888889,19.7674916666667,109,19,50,507.588888888889,253.702777777778,,,,289.0-109.0
109.255763888889,19.7674916666667,109,19,50,669.833333333333,282.769444444445,,,,289.0-109.0
109.255763888889,19.7674916666667,109,19,50,705.166666666667,282.627777777778,,,,289.0-109.0
109.255763888889,19.7674916666667,109,19,50,83.4138888888889,45.7888888888889,,,,289.0-109.0
109.255763888889,19.7674916666667,109,19,50,614.188888888889,252.575,,,,289.0-109.0
109.255763888889,19.7674916666667,109,19,50,89.9111111111111,47.5,,,,289.0-109.0
109.255763888889,19.7674916666667,109,19,50,344.316666666667,178.755555555556,,,,289.0-109.0
109.255763888889,19.7674916666667,109,19,50,437.991666666667,113.286111111111,,,,289.0-109.0
109.255763888889,19.7674916666667,109,19,50,324.183333333333,56.0305555555556,,,,289.0-109.0
109.550447222222,19.8549722222222,109,19,50,101.918,48.411,,,,289.0-109.0
109.550447222222,19.8549722222222,109,19,50,103.455,65.806,,,,289.0-109.0
109.550447222222,19.8549722222222,109,19,50,117.577,78.913,,,,289.0-109.0
109.550447222222,19.8549722222222,109,19,50,177.758024691358,77.2555555555556,,,,289.0-109.0
109.550447222222,19.8549722222222,109,19,50,130.991358024691,61.7814814814815,,,,289.0-109.0
109.550447222222,19.8549722222222,109,19,50,111.349382716049,60.3641975308642,,,,289.0-109.0
109.550447222222,19.8549722222222,109,19,50,126.361728395062,62.3037037037037,,,,289.0-109.0
109.550447222222,19.8549722222222,109,19,50,49.0555555555556,28.4592592592593,,,,289.0-109.0
109.550447222222,19.8549722222222,109,19,50,61.9728395061729,37.6135802469136,,,,289.0-109.0
109.550447222222,19.8549722222222,109,19,50,33.2222222222222,18.4950617283951,,,,289.0-109.0
109.550447222222,19.8549722222222,109,19,50,79.2555555555556,43.0543209876543,,,,289.0-109.0
109.550447222222,19.8549722222222,109,19,50,330.396296296296,136.254320987654,,,,289.0-109.0
109.550447222222,19.8549722222222,109,19,50,109.529,54.274,,,,289.0-109.0
109.550447222222,19.8549722222222,109,19,50,88.459,63.85,,,,289.0-109.0
109.550447222222,19.8549722222222,109,19,50,106.378,59.463,,,,289.0-109.0
109.550447222222,19.8549722222222,109,19,50,114.4066,62.951,,,,289.0-109.0
109.550447222222,19.8549722222222,109,19,50,111.7247,54.231,,,,289.0-109.0
109.550447222222,19.8549722222222,109,19,50,162.622,75.012,,,,289.0-109.0
109.550447222222,19.8549722222222,109,19,50,152.464,65.82,,,,289.0-109.0
,,109,19,48,,,3.22870616351766,1.51004520028402,1,289.0-109.0
104.469166666667,-2.07444444444444,105,-3,30,767,67.6,,,,285.0-087.0
104.469166666667,-2.07444444444444,105,-3,30,559.8,55.4,,,,285.0-087.0
104.469166666667,-2.07444444444444,105,-3,30,836,60.4,,,,285.0-087.0
104.469166666667,-2.07444444444444,105,-3,30,511.6,59.8,,,,285.0-087.0
104.469166666667,-2.07444444444444,105,-3,30,439.2,48.4,,,,285.0-087.0
104.469166666667,-2.07444444444444,105,-3,30,491.8,43.2,,,,285.0-087.0
104.469166666667,-2.07444444444444,105,-3,10,3.8,0.4,,,,285.0-087.0
104.469166666667,-2.07444444444444,105,-3,10,24,9.6,,,,285.0-087.0
104.469166666667,-2.07444444444444,105,-3,50,304,18.8,,,,285.0-087.0
104.469166666667,-2.07444444444444,105,-3,50,227.2,36.4,,,,285.0-087.0
104.469166666667,-2.07444444444444,105,-3,50,136.8,25.2,,,,285.0-087.0
104.469166666667,-2.07444444444444,105,-3,50,76,10.2,,,,285.0-087.0
104.469166666667,-2.07444444444444,105,-3,50,267.8,30,,,,285.0-087.0
104.469166666667,-2.07444444444444,105,-3,50,378.6,31.8,,,,285.0-087.0
104.469166666667,-2.07444444444444,105,-3,50,497.4,47.4,,,,285.0-087.0
104.469166666667,-2.07444444444444,105,-3,50,141.4,20.8,,,,285.0-087.0
104.469166666667,-2.07444444444444,105,-3,50,338.8,21.8,,,,285.0-087.0
104.469166666667,-2.07444444444444,105,-3,50,415.8,42.4,,,,285.0-087.0
104.469166666667,-2.07444444444444,105,-3,50,173,47,,,,285.0-087.0
104.469166666667,-2.07444444444444,105,-3,50,340,81.2,,,,285.0-087.0
104.469166666667,-2.07444444444444,105,-3,10,66.4,11.8,,,,285.0-087.0
104.469166666667,-2.07444444444444,105,-3,10,97.6,8.4,,,,285.0-087.0
104.469166666667,-2.07444444444444,105,-3,10,120,59.6,,,,285.0-087.0
104.469166666667,-2.07444444444444,105,-3,10,219.2,25,,,,285.0-087.0
104.469166666667,-2.07444444444444,105,-3,10,117,53.4,,,,285.0-087.0
104.469166666667,-2.07444444444444,105,-3,10,210.6,20.4,,,,285.0-087.0
104.469166666667,-2.07444444444444,105,-3,30,584.2,120,,,,285.0-087.0
104.469166666667,-2.07444444444444,105,-3,30,626.2,85.6,,,,285.0-087.0
104.469166666667,-2.07444444444444,105,-3,30,221.6,52.4,,,,285.0-087.0
104.469166666667,-2.07444444444444,105,-3,30,138.2,35.2,,,,285.0-087.0
104.469166666667,-2.07444444444444,105,-3,50,634.6,50.6,,,,285.0-087.0
104.469166666667,-2.07444444444444,105,-3,50,872.2,147.2,,,,285.0-087.0
104.469166666667,-2.07444444444444,105,-3,50,613.6,70.6,,,,285.0-087.0
104.469166666667,-2.07444444444444,105,-3,50,558.8,103.2,,,,285.0-087.0
104.469166666667,-2.07444444444444,105,-3,50,557.2,64.4,,,,285.0-087.0
104.469166666667,-2.07444444444444,105,-3,50,292.4,57.8,,,,285.0-087.0
104.469166666667,-2.07444444444444,105,-3,50,532.4,84.2,,,,285.0-087.0
104.469166666667,-2.07444444444444,105,-3,50,295,17.8,,,,285.0-087.0
104.469166666667,-2.07444444444444,105,-3,50,920.6,57.4,,,,285.0-087.0
105.509444444444,-3.0175,105,-3,50,229.4,,,,,285.0-087.0
105.509444444444,-3.0175,105,-3,50,184.4,,,,,285.0-087.0
105.509444444444,-3.0175,105,-3,50,340,,,,,285.0-087.0
105.509444444444,-3.0175,105,-3,50,29.4,,,,,285.0-087.0
105.509444444444,-3.0175,105,-3,50,398,,,,,285.0-087.0
105.509444444444,-3.0175,105,-3,50,68,,,,,285.0-087.0
104.76,-2.3925,105,-3,50,0.3223,,,,,285.0-087.0
104.789444444444,-2.38361111111111,105,-3,50,0.3462,,,,,285.0-087.0
104.81,-2.36805555555556,105,-3,50,0.1646,,,,,285.0-087.0
104.832777777778,-2.34555555555556,105,-3,50,0.2073,,,,,285.0-087.0
104.8425,-2.31472222222222,105,-3,50,0.1095,,,,,285.0-087.0
,,105,-3,50,,,5.80319785738332,0.914051933577827,1,285.0-087.0
114,22.5333333333333,115,23,50,91.7,,,,,295.0-113.0
114,22.5333333333333,115,23,50,90.1,,,,,295.0-113.0
114.083333333333,22.5166666666667,115,23,50,45.6,17.28,,,,295.0-113.0
114.083333333333,22.5166666666667,115,23,50,29.4,8.08,,,,295.0-113.0
114.083333333333,22.5166666666667,115,23,50,35.4,17.52,,,,295.0-113.0
114.083333333333,22.5166666666667,115,23,21,67.06,27.46,,,,295.0-113.0
114.083333333333,22.5166666666667,115,23,21,10.17,5.55,,,,295.0-113.0
114.083333333333,22.5166666666667,115,23,21,8.46,1.27,,,,295.0-113.0
114.002444444444,22.5286027777778,115,23,30,320.803,141.312,,,,295.0-113.0
114.001958333333,22.5284111111111,115,23,18,146.826,51.914,,,,295.0-113.0
114.001897222222,22.5281944444444,115,23,18,62.073,22.7,,,,295.0-113.0
114.083333333333,22.5166666666667,115,23,50,40.824,7.584,,,,295.0-113.0
114.083333333333,22.5166666666667,115,23,23,178.2432,72.2448,,,,295.0-113.0
114.083333333333,22.5166666666667,115,23,21,161.6295,30.576,,,,295.0-113.0
114.083333333333,22.5166666666667,115,23,21,96.7405,34.6884,,,,295.0-113.0
114.05,22.5333333333333,115,23,6,,7.3,,,,295.0-113.0
114.05,22.5333333333333,115,23,5,,4.36,,,,295.0-113.0
114.05,22.5333333333333,115,23,6,,8.47,,,,295.0-113.0
114.05,22.5333333333333,115,23,5,45.6,20.13,,,,295.0-113.0
114.04,22.49,115,23,11,108.7,,,,,295.0-113.0
114.04,22.49,115,23,18,132.8,,,,,295.0-113.0
114.04,22.49,115,23,13,168.8,,,,,295.0-113.0
114.04,22.49,115,23,13,122.6,,,,,295.0-113.0
114.04,22.49,115,23,11,166.5,,,,,295.0-113.0
114.04,22.49,115,23,13,142.4,,,,,295.0-113.0
114.04,22.49,115,23,10,72,,,,,295.0-113.0
114.04,22.49,115,23,18,123.9,,,,,295.0-113.0
114.04,22.49,115,23,18,160.4,,,,,295.0-113.0
114.04,22.49,115,23,18,253.7,,,,,295.0-113.0
114.04,22.49,115,23,18,97.6,,,,,295.0-113.0
114.04,22.49,115,23,18,100,,,,,295.0-113.0
114.04,22.49,115,23,18,95.8,,,,,295.0-113.0
114.04,22.49,115,23,18,128.2,,,,,295.0-113.0
114.04,22.49,115,23,18,105.2,,,,,295.0-113.0
114.04,22.49,115,23,18,94.4,,,,,295.0-113.0
114.083333333333,22.5333333333333,115,23,22,49.41,23.39,,,,295.0-113.0
114.083333333333,22.5333333333333,115,23,22,18.92,7.74,,,,295.0-113.0
114.002444444444,22.5286027777778,115,23,30,,,9.840436,,,295.0-113.0
114.001958333333,22.5284111111111,115,23,18,,,5.452874,,,295.0-113.0
114.001897222222,22.5281944444444,115,23,18,,,2.377498,,,295.0-113.0
114.029305555556,22.4981388888889,115,23,22,,,7.4575,,,295.0-113.0
114.083333333333,22.5166666666667,115,23,50,,,,2.3975,,295.0-113.0
114.083333333333,22.5166666666667,115,23,21,,,,2.6304,,295.0-113.0
114.083333333333,22.5166666666667,115,23,21,,,,3.25238,,295.0-113.0
114.002444444444,22.5286027777778,115,23,30,,,,6.531612,,295.0-113.0
114.001958333333,22.5284111111111,115,23,18,,,,4.039582,,295.0-113.0
114.001897222222,22.5281944444444,115,23,18,,,,1.77415,,295.0-113.0
114.083333333333,22.5166666666667,115,23,23,,,,2.10158,,295.0-113.0
,,115,23,50,,,,,1,295.0-113.0
105.065,8.6495,105,9,24,146.6,,,,,285.0-099.0
105.074,8.6715,105,9,14,358.4,,,,,285.0-099.0
105.072166666667,8.66933333333333,105,9,14,250.5,,,,,285.0-099.0
104.964166666667,8.59733333333333,105,9,20,313.3,,,,,285.0-099.0
104.928166666667,8.58883333333333,105,9,10,372.3,,,,,285.0-099.0
105.071666666667,8.70033333333333,105,9,39,523.6,,,,,285.0-099.0
105.258333333333,9.36666666666667,105,9,4,33.1,,,,,285.0-099.0
105.258333333333,9.36666666666667,105,9,5,6.8,,,,,285.0-099.0
105.258333333333,9.36666666666667,105,9,6,58.8,,,,,285.0-099.0
105.258333333333,9.36666666666667,105,9,7,45.9,,,,,285.0-099.0
105.258333333333,9.36666666666667,105,9,8,42.2,,,,,285.0-099.0
105.258333333333,9.36666666666667,105,9,9,75.1,,,,,285.0-099.0
105.258333333333,9.36666666666667,105,9,10,134.2,,,,,285.0-099.0
105.258333333333,9.36666666666667,105,9,11,115.7,,,,,285.0-099.0
105.258333333333,9.36666666666667,105,9,12,110.4,,,,,285.0-099.0
105.258333333333,9.36666666666667,105,9,14,171.8,,,,,285.0-099.0
105.258333333333,9.36666666666667,105,9,15,160.8,,,,,285.0-099.0
105.258333333333,9.36666666666667,105,9,16,205.5,,,,,285.0-099.0
105.258333333333,9.36666666666667,105,9,17,200.5,,,,,285.0-099.0
105.258333333333,9.36666666666667,105,9,18,225.4,,,,,285.0-099.0
105.258333333333,9.36666666666667,105,9,19,267.9,,,,,285.0-099.0
105.258333333333,9.36666666666667,105,9,20,295.5,,,,,285.0-099.0
105.258333333333,9.36666666666667,105,9,22,282,,,,,285.0-099.0
105.258333333333,9.36666666666667,105,9,23,350.3,,,,,285.0-099.0
105.258333333333,9.36666666666667,105,9,24,213.6,,,,,285.0-099.0
105.115833333333,8.64694444444444,105,9,50,149.4,19,,,,285.0-099.0
105.110555555556,8.64944444444444,105,9,50,165.8,25.2,,,,285.0-099.0
105.078333333333,8.63805555555555,105,9,50,144.6,18,,,,285.0-099.0
105.116111111111,8.64972222222222,105,9,50,85.2,30.4,,,,285.0-099.0
105.097222222222,8.64444444444444,105,9,50,45.6,11.2,,,,285.0-099.0
105.088055555556,8.64111111111111,105,9,50,421.4,41.4,,,,285.0-099.0
105.120555555556,8.65305555555556,105,9,50,26.8,6.8,,,,285.0-099.0
105.073611111111,8.47333333333333,105,9,50,81.4,14.4,,,,285.0-099.0
105.105,8.64472222222222,105,9,50,101,28.4,,,,285.0-099.0
105.2,8.8,105,9,6,78.3,,,,,285.0-099.0
105.2,8.8,105,9,8,90,,,,,285.0-099.0
105.2,8.8,105,9,35,325.6,,,,,285.0-099.0
104.825,8.60833333333333,105,9,50,176.435729847495,89.4,,,,285.0-099.0
104.825,8.60833333333333,105,9,50,209.003921568626,55.8,,,,285.0-099.0
104.825,8.60833333333333,105,9,50,218.621350762526,64.2,,,,285.0-099.0
,,105,9,49,,,3.79038463580067,0.81592845015719,1,285.0-099.0
109.774,21.538,109,21,50,40.01,20.38,,,,289.0-111.0
109.763,21.568,109,21,50,153.23,28.28,,,,289.0-111.0
109.755,21.565,109,21,50,97.17,38.88,,,,289.0-111.0
109.753,21.57,109,21,50,148.71,57.32,,,,289.0-111.0
109.768,21.555,109,21,50,270.59,114.55,,,,289.0-111.0
109.752,21.574,109,21,50,91.54,37.27,,,,289.0-111.0
109.755,21.566,109,21,50,114.5,40.59,,,,289.0-111.0
109.766,21.549,109,21,50,90.26,35.77,,,,289.0-111.0
109.774,21.538,109,21,50,65.21,32.15,,,,289.0-111.0
109.716666666667,21.4666666666667,109,21,50,196.212,95.368,,,,289.0-111.0
109.716666666667,21.4666666666667,109,21,44,16.8206,,,,,289.0-111.0
109.716666666667,21.4666666666667,109,21,30,28.4991,,,,,289.0-111.0
109.716666666667,21.4666666666667,109,21,32,60.1784,,,,,289.0-111.0
109.716666666667,21.4666666666667,109,21,36,91.74504,,,,,289.0-111.0
109.716666666667,21.4666666666667,109,21,40,75.0331,,,,,289.0-111.0
109.76,21.57,109,21,50,772,,,,,289.0-111.0
109.7562,21.5675138888889,109,21,50,114.516891507038,77.2558154258603,,,,289.0-111.0
109.7562,21.5675138888889,109,21,50,94.9247258826056,73.6751306564026,,,,289.0-111.0
109.7562,21.5675138888889,109,21,50,98.9220388429764,51.9371329891461,,,,289.0-111.0
109.7562,21.5675138888889,109,21,50,65.9653031124827,45.6770975082293,,,,289.0-111.0
109.7562,21.5675138888889,109,21,50,82.8472349456593,59.2858544963452,,,,289.0-111.0
109.7562,21.5675138888889,109,21,50,102.733047227964,74.6167192835337,,,,289.0-111.0
109.7562,21.5675138888889,109,21,50,81.4980703377293,56.6251055974688,,,,289.0-111.0
109.7562,21.5675138888889,109,21,50,102.592045781991,59.0151056417212,,,,289.0-111.0
109.7562,21.5675138888889,109,21,50,131.073497718882,69.9291973276156,,,,289.0-111.0
109.76,21.57,109,21,50,,,5.350124,,,289.0-111.0
109.7562,21.5675138888889,109,21,50,,,5.64895635382856,,,289.0-111.0
109.766666666667,21.5333333333333,109,21,50,,,4.83062,,,289.0-111.0
109.75,21.56,109,21,50,,,5.634257,,,289.0-111.0
109.716666666667,21.4666666666667,109,21,50,,,,2.105827,,289.0-111.0
109.716666666667,21.4666666666667,109,21,36,,,,1.5717188,,289.0-111.0
109.716666666667,21.4666666666667,109,21,44,,,,0.202349,,289.0-111.0
109.716666666667,21.4666666666667,109,21,40,,,,0.703906,,289.0-111.0
,,109,21,46,,,,,1,289.0-111.0
86.7416666666667,20.4166666666667,87,21,50,,,,,,267.0-111.0
86.7416666666667,20.4166666666667,87,21,50,,,,,,267.0-111.0
86.7416666666667,20.4166666666667,87,21,50,,,,,,267.0-111.0
86.7416666666667,20.4166666666667,87,21,50,,,,,,267.0-111.0
86.7416666666667,20.4166666666667,87,21,50,,,,,,267.0-111.0
86.7416666666667,20.4166666666667,87,21,50,,,,,,267.0-111.0
86.7416666666667,20.4166666666667,87,21,50,,,,,,267.0-111.0
86.7416666666667,20.4166666666667,87,21,50,,,,,,267.0-111.0
86.7416666666667,20.4166666666667,87,21,50,,,,,,267.0-111.0
86.7416666666667,20.4166666666667,87,21,50,,,,,,267.0-111.0
86.7416666666667,20.4166666666667,87,21,50,,,,,,267.0-111.0
86.7416666666667,20.4166666666667,87,21,50,,,,,,267.0-111.0
86.7416666666667,20.4166666666667,87,21,50,,,,,,267.0-111.0
86.7416666666667,20.4166666666667,87,21,50,,,,,,267.0-111.0
86.7416666666667,20.4166666666667,87,21,50,,,,,,267.0-111.0
86.7416666666667,20.4166666666667,87,21,50,,,,,,267.0-111.0
86.7416666666667,20.4166666666667,87,21,20,166.1,72.36,,,,267.0-111.0
86.7416666666667,20.4166666666667,87,21,20,162.39,81.19,,,,267.0-111.0
86.7416666666667,20.4166666666667,87,21,20,77.53,38.76,,,,267.0-111.0
86.7416666666667,20.4166666666667,87,21,20,96.19,48.09,,,,267.0-111.0
86.7416666666667,20.4166666666667,87,21,50,130.22,65.11,,,,267.0-111.0
86.7416666666667,20.4166666666667,87,21,50,111.25,55.62,,,,267.0-111.0
86.7416666666667,20.4166666666667,87,21,50,111.77,55.88,,,,267.0-111.0
86.7416666666667,20.4166666666667,87,21,50,106.46,53.23,,,,267.0-111.0
86.7416666666667,20.4166666666667,87,21,50,90.69,45.34,,,,267.0-111.0
86.7416666666667,20.4166666666667,87,21,50,78.33,39.16,,,,267.0-111.0
86.7416666666667,20.4166666666667,87,21,50,129.95,64.97,,,,267.0-111.0
86.7416666666667,20.4166666666667,87,21,50,105.89,52.94,,,,267.0-111.0
86.7416666666667,20.4166666666667,87,21,50,135.96,67.98,,,,267.0-111.0
86.7416666666667,20.4166666666667,87,21,50,92.93,46.46,,,,267.0-111.0
86.7416666666667,20.4166666666667,87,21,50,67.8,33.9,,,,267.0-111.0
86.7416666666667,20.4166666666667,87,21,50,68.74,34.37,,,,267.0-111.0
86.7416666666667,20.4166666666667,87,21,50,111.57,55.78,,,,267.0-111.0
86.7416666666667,20.4166666666667,87,21,50,217.49,108.74,,,,267.0-111.0
86.7416666666667,20.4166666666667,87,21,50,202.52,101.26,,,,267.0-111.0
86.7416666666667,20.4166666666667,87,21,50,236.95,118.47,,,,267.0-111.0
86.6904444444445,20.4827777777778,87,21,5,9.18,4.54,,,,267.0-111.0
86.7346527777778,20.3802083333333,87,21,10,147.02,52,,,,267.0-111.0
86.7070555555556,20.4810277777778,87,21,50,89.18,32.16,,,,267.0-111.0
,,87,21,42,,,4.99033393598993,0.936184409141488,1,267.0-111.0
106.701,20.653,107,21,17,6.887,9.149,,,,287.0-111.0
106.701,20.653,107,21,17,8.496,11.62,,,,287.0-111.0
106.701,20.653,107,21,10,11.049,14.947,,,,287.0-111.0
106.701,20.653,107,21,10,11.686,15.719,,,,287.0-111.0
106.701,20.653,107,21,10,13.347,22.135,,,,287.0-111.0
106.701,20.653,107,21,10,13.517,20.658,,,,287.0-111.0
106.701,20.653,107,21,17,12.844,23.684,,,,287.0-111.0
106.701,20.653,107,21,17,24.015,42.707,,,,287.0-111.0
106.701,20.653,107,21,17,28.328,47.807,,,,287.0-111.0
106.701,20.653,107,21,17,44.181,48.651,,,,287.0-111.0
106.701,20.653,107,21,17,45.412,96.437,,,,287.0-111.0
106.701,20.653,107,21,23,72.552,81.744,,,,287.0-111.0
106.701,20.653,107,21,23,79.592,85.444,,,,287.0-111.0
106.701,20.653,107,21,17,83.812,122.963,,,,287.0-111.0
106.701,20.653,107,21,17,87.68,136.241,,,,287.0-111.0
106.701,20.653,107,21,22,89.744,94.868,,,,287.0-111.0
106.701,20.653,107,21,22,93.62,91.904,,,,287.0-111.0
106.701,20.653,107,21,23,162.598,327.689,,,,287.0-111.0
,,107,21,46,,,3.27590429771005,1.38677468233202,1,287.0-111.0
124.994722222222,11.6080555555556,125,11,50,277.6,110.12,,,,305.0-101.0
124.994722222222,11.6080555555556,125,11,50,774.56,241.18,,,,305.0-101.0
124.994722222222,11.6080555555556,125,11,50,464.24,160.37,,,,305.0-101.0
124.994722222222,11.6080555555556,125,11,50,49.66,22.42,,,,305.0-101.0
124.994722222222,11.6080555555556,125,11,50,53.25,23,,,,305.0-101.0
124.994722222222,11.6080555555556,125,11,50,79.94,32.21,,,,305.0-101.0
124.994722222222,11.6080555555556,125,11,50,351.9,138.37,,,,305.0-101.0
124.994722222222,11.6080555555556,125,11,50,828.11,263.42,,,,305.0-101.0
124.994722222222,11.6080555555556,125,11,50,480.82,167.64,,,,305.0-101.0
124.994722222222,11.6080555555556,125,11,50,66.24,29.69,,,,305.0-101.0
124.994722222222,11.6080555555556,125,11,50,41.43,18.31,,,,305.0-101.0
124.994722222222,11.6080555555556,125,11,50,98.68,39.69,,,,305.0-101.0
124.15,10.1583333333333,125,11,15,312,151.4,,,,305.0-101.0
124.15,10.1583333333333,125,11,20,219.2,113,,,,305.0-101.0
124.15,10.1583333333333,125,11,40,556.9,266.8,,,,305.0-101.0
124.15,10.1583333333333,125,11,50,236.3,87.2,,,,305.0-101.0
124.1659,10.201,125,11,50,132.18,,,,,305.0-101.0
124.1191,10.0876,125,11,50,147.6,,,,,305.0-101.0
,,125,11,48,,,6.47303259875599,1.26834164410724,1,305.0-101.0
88.0298,21.5179666666667,89,21,12,169.61,,,,,269.0-111.0
88.0298,21.5179666666667,89,21,12,180.39,,,,,269.0-111.0
88.0298,21.5179666666667,89,21,12,183.02,,,,,269.0-111.0
88.0298,21.5179666666667,89,21,12,23.61,,,,,269.0-111.0
88.0298,21.5179666666667,89,21,12,24.98,,,,,269.0-111.0
88.0298,21.5179666666667,89,21,12,24.79,,,,,269.0-111.0
88.0298,21.5179666666667,89,21,12,46.69,,,,,269.0-111.0
88.0298,21.5179666666667,89,21,12,49.26,,,,,269.0-111.0
88.0298,21.5179666666667,89,21,12,49.15,,,,,269.0-111.0
88.338,21.688,89,21,50,68.6,15.84,,,,269.0-111.0
88.338,21.688,89,21,50,76.7,17.73,,,,269.0-111.0
88.338,21.688,89,21,50,78.8,18.22,,,,269.0-111.0
88.338,21.688,89,21,50,68.5,15.25,,,,269.0-111.0
88.338,21.688,89,21,50,72.1,17.12,,,,269.0-111.0
88.338,21.688,89,21,50,98.1,22.8,,,,269.0-111.0
88.338,21.688,89,21,50,65.3,15.29,,,,269.0-111.0
88.338,21.688,89,21,50,90.2,21.07,,,,269.0-111.0
88.338,21.688,89,21,50,131.9,30.52,,,,269.0-111.0
88.338,21.688,89,21,50,171.8,39.64,,,,269.0-111.0
88.338,21.688,89,21,50,109.1,25.16,,,,269.0-111.0
88.6166666666667,21.8166666666667,89,21,50,,,3.48254,,,269.0-111.0
,,89,21,49,,,,0.687931021821745,1,269.0-111.0
117.42,23.92,117,23,35,328,,,,,297.0-113.0
117.414727777778,23.9240638888889,117,23,50,67.7948299691073,39.00566794707,,,,297.0-113.0
117.414727777778,23.9240638888889,117,23,50,116.307682934194,90.6593407771292,,,,297.0-113.0
117.414727777778,23.9240638888889,117,23,50,88.1276209397661,57.4556201757075,,,,297.0-113.0
117.414727777778,23.9240638888889,117,23,50,152.623819397894,78.0052328413222,,,,297.0-113.0
117.414727777778,23.9240638888889,117,23,50,132.931844157284,70.4466042791451,,,,297.0-113.0
117.414727777778,23.9240638888889,117,23,50,132.075223853576,70.433213711421,,,,297.0-113.0
117.414727777778,23.9240638888889,117,23,50,167.191847945006,87.1374594725126,,,,297.0-113.0
117.414727777778,23.9240638888889,117,23,50,110.953195033292,64.8461071417881,,,,297.0-113.0
117.414727777778,23.9240638888889,117,23,50,99.7947186360129,66.9815299758245,,,,297.0-113.0
117.414727777778,23.9240638888889,117,23,50,128.96024827984,74.2248444865419,,,,297.0-113.0
117.414727777778,23.9240638888889,117,23,50,134.295147593487,77.8698308069504,,,,297.0-113.0
117.414727777778,23.9240638888889,117,23,50,85.1140444795705,68.782402057226,,,,297.0-113.0
117.414727777778,23.9240638888889,117,23,50,82.2129536991168,85.1086381493731,,,,297.0-113.0
117.414727777778,23.9240638888889,117,23,50,90.7636803337646,101.445777990362,,,,297.0-113.0
117.45,23.9166666666667,117,23,50,,,5.12654,,,297.0-113.0
117.42,23.92,117,23,35,,,5.048724,,,297.0-113.0
117.4,23.92,117,23,50,,,6.141428,,,297.0-113.0
,,117,23,12,,,,1.90005767844268,1,297.0-113.0
-80.552,25.233,-81,25,50,182.9,,,,,099.0-115.0
-80.552,25.233,-81,25,50,553.7,,,,,099.0-115.0
-81.669,25.907,-81,25,50,125,,,,,099.0-115.0
-81.669,25.907,-81,25,50,,,,,,099.0-115.0
-81.669,25.907,-81,25,50,,,,,,099.0-115.0
-81.669,25.907,-81,25,50,,,,,,099.0-115.0
-81.673,25.932,-81,25,50,98.4,,,,,099.0-115.0
-81.673,25.932,-81,25,50,,,,,,099.0-115.0
-81.673,25.932,-81,25,50,,,,,,099.0-115.0
-81.673,25.932,-81,25,50,,,,,,099.0-115.0
-81.673,25.932,-81,25,50,66.8,,,,,099.0-115.0
-81.673,25.932,-81,25,50,,,,,,099.0-115.0
-81.673,25.932,-81,25,50,,,,,,099.0-115.0
-81.673,25.932,-81,25,50,,,,,,099.0-115.0
-81.673,25.932,-81,25,50,,,,,,099.0-115.0
-81.673,25.932,-81,25,50,,,,,,099.0-115.0
-81.673,25.932,-81,25,50,,,,,,099.0-115.0
-81.673,25.932,-81,25,50,,,,,,099.0-115.0
-80.9654,25.40888,-81,25,10,,,,,,099.0-115.0
-81.03092,25.37283,-81,25,30,,,,,,099.0-115.0
-81.0802,25.36623,-81,25,50,,,,,,099.0-115.0
-80.3333333333333,25.45,-81,25,50,22.28,,,,,099.0-115.0
-80.3333333333333,25.45,-81,25,50,56.02,,,,,099.0-115.0
-80.9654,25.40888,-81,25,50,,31.98,,,,099.0-115.0
-81.03092,25.37283,-81,25,50,,43.89,,,,099.0-115.0
-81.0802,25.36623,-81,25,50,,25.32,,,,099.0-115.0
-80.64898,25.21289,-81,25,50,,24.04,,,,099.0-115.0
-80.63778,25.1941,-81,25,50,,46.73,,,,099.0-115.0
-80.52298,25.23472,-81,25,50,,43.58,,,,099.0-115.0
-80.75,25.1666666666667,-81,25,50,12.5,,,,,099.0-115.0
-81.0605388888889,25.4233916666667,-81,25,50,117.936,,,,,099.0-115.0
-81.0605388888889,25.4233916666667,-81,25,50,77.805,,,,,099.0-115.0
-81.0583333333333,25.3708333333333,-81,25,50,50.62208,,,,,099.0-115.0
-81.0583333333333,25.3708333333333,-81,25,50,114.97641,,,,,099.0-115.0
-81.0583333333333,25.3708333333333,-81,25,50,82.05401,,,,,099.0-115.0
-81.0583333333333,25.3708333333333,-81,25,50,64.14378,,,,,099.0-115.0
-81.0583333333333,25.3708333333333,-81,25,50,168.55927,,,,,099.0-115.0
-81.0583333333333,25.3708333333333,-81,25,50,20.74446,,,,,099.0-115.0
-81.0583333333333,25.3708333333333,-81,25,50,24.50253,,,,,099.0-115.0
-81.0583333333333,25.3708333333333,-81,25,50,3.86334,,,,,099.0-115.0
-81.0583333333333,25.3708333333333,-81,25,50,92.30027,,,,,099.0-115.0
-81.0583333333333,25.3708333333333,-81,25,50,4.68191,,,,,099.0-115.0
-81.0583333333333,25.3708333333333,-81,25,50,42.58074,,,,,099.0-115.0
-81.0583333333333,25.3708333333333,-81,25,50,31.32666,,,,,099.0-115.0
-81.0779,25.3646,-81,25,50,,,5.85985647812098,,,099.0-115.0
-81.66,25.93,-81,25,50,,,1.4625,,,099.0-115.0
-81.66,25.93,-81,25,50,,,2.1,,,099.0-115.0
,,-81,25,50,,,,1.02546084333815,1,099.0-115.0
89.62956,22.25585,89,23,10,206.6,107.2,,,,269.0-113.0
89.62878,22.31942,89,23,30,112.2,64.6,,,,269.0-113.0
89.585,22.437,89,23,50,52.16,40.28,,,,269.0-113.0
89.549,22.441,89,23,50,157.1,80.82,,,,269.0-113.0
89.549,22.441,89,23,50,138.54,114.2,,,,269.0-113.0
89.591,22.429,89,23,50,208.5,104.28,,,,269.0-113.0
89.591,22.429,89,23,50,314.58,141.26,,,,269.0-113.0
89.585,22.437,89,23,50,51.16,12.86,,,,269.0-113.0
88.6769,22.3104,89,23,12,35.04,,,,,269.0-113.0
88.6769,22.3104,89,23,12,35.68,,,,,269.0-113.0
88.6769,22.3104,89,23,12,34.37,,,,,269.0-113.0
88.6769,22.3104,89,23,12,14.93,,,,,269.0-113.0
88.6769,22.3104,89,23,12,15.75,,,,,269.0-113.0
88.6769,22.3104,89,23,12,15.52,,,,,269.0-113.0
88.6769,22.3104,89,23,12,24.82,,,,,269.0-113.0
88.6769,22.3104,89,23,12,26.03,,,,,269.0-113.0
88.6769,22.3104,89,23,12,25.92,,,,,269.0-113.0
89.4583333333333,22,89,23,50,33.49,,,,,269.0-113.0
89.4583333333333,22,89,23,50,14.36,,,,,269.0-113.0
89.4583333333333,22,89,23,50,305.14,124.74,,,,269.0-113.0
89.4583333333333,22,89,23,50,,,,,,269.0-113.0
89.4583333333333,22,89,23,50,90.48,23.44,,,,269.0-113.0
,,89,23,49,,,5.17003719454462,0.259696095887984,1,269.0-113.0
152.814,-25.493,153,-25,50,33.6126,14.1966,,,,333.0-065.0
152.814,-25.493,153,-25,50,37.6529,41.1314,,,,333.0-065.0
152.814,-25.493,153,-25,50,46.6311,61.7814,,,,333.0-065.0
152.814,-25.493,153,-25,50,197.6904,74.7999,,,,333.0-065.0
152.814,-25.493,153,-25,50,246.622,70.9842,,,,333.0-065.0
152.814,-25.493,153,-25,50,124.0687,81.3092,,,,333.0-065.0
152.814,-25.493,153,-25,50,9.146,21.8282,,,,333.0-065.0
152.814,-25.493,153,-25,50,231.0558,47.3406,,,,333.0-065.0
152.814,-25.493,153,-25,50,84.5978,32.8211,,,,333.0-065.0
152.814,-25.493,153,-25,50,59.3464,10.9365,,,,333.0-065.0
152.814,-25.493,153,-25,50,64.1863,88.3741,,,,333.0-065.0
152.814,-25.493,153,-25,50,79.758,99.3163,,,,333.0-065.0
152.814,-25.493,153,-25,50,166.8752,31.5585,,,,333.0-065.0
152.814,-25.493,153,-25,50,9.6854,31.5585,,,,333.0-065.0
,,153,-25,49,,,4.68715129157074,2.52947015323797,1,333.0-065.0
54.4099,24.45043,55,25,50,25.9,30.8,,,,235.0-115.0
54.44104,24.45277,55,25,50,13.3,28.9,,,,235.0-115.0
54.53295,24.50343,55,25,50,15.1,53.9,,,,235.0-115.0
54.46957,24.51936,55,25,50,7.3,9.9,,,,235.0-115.0
54.67267,24.65586,55,25,50,9.2,16,,,,235.0-115.0
55.32697,25.19062,55,25,50,140,90.3,,,,235.0-115.0
55.47844,25.4354,55,25,50,92.1,128.7,,,,235.0-115.0
55.59277,25.53317,55,25,50,30.8,46.5,,,,235.0-115.0
55.60479,25.56217,55,25,50,72.6,131.1,,,,235.0-115.0
55.94654,25.77278,55,25,50,134.4,125.8,,,,235.0-115.0
54.52557,24.50666,55,25,3,0.999999999999996,0.666666666666666,,,,235.0-115.0
54.53364,24.48395,55,25,7,8.24999999999998,7.5,,,,235.0-115.0
54.54018,24.48556,55,25,10,11.7499999999999,10.5833333333333,,,,235.0-115.0
,,55,25,47,,,1.57135033368458,0.44288387776607,1,235.0-115.0
100.631027777778,4.83825,101,5,10,,,,,,281.0-095.0
100.631027777778,4.83825,101,5,20,,,,,,281.0-095.0
100.599297509188,4.84509511276942,101,5,15,238,,,,,281.0-095.0
100.583981077389,4.84399273744878,101,5,50,166,,,,,281.0-095.0
100.646944444444,4.79777777777778,101,5,50,557.8,,,,,281.0-095.0
100.646944444444,4.79777777777778,101,5,50,387.8,,,,,281.0-095.0
100.646944444444,4.79777777777778,101,5,50,302.4,,,,,281.0-095.0
100.646944444444,4.79777777777778,101,5,50,289,,,,,281.0-095.0
100.646944444444,4.79777777777778,101,5,50,244.4,,,,,281.0-095.0
100.646944444444,4.79777777777778,101,5,50,301.8,,,,,281.0-095.0
100.646944444444,4.79777777777778,101,5,50,257.4,,,,,281.0-095.0
100.646944444444,4.79777777777778,101,5,50,143.9,,,,,281.0-095.0
100.646944444444,4.79777777777778,101,5,50,359.1,,,,,281.0-095.0
100.617,4.83783333333333,101,5,50,576,,,,,281.0-095.0
100.612,4.85066666666667,101,5,18,352,,,,,281.0-095.0
100.6155,4.8595,101,5,5,106,,,,,281.0-095.0
100.583333333333,4.8,101,5,50,409,,,,,281.0-095.0
100.583333333333,4.83333333333333,101,5,5,16,,,,,281.0-095.0
100.583333333333,4.83333333333333,101,5,10,180,,,,,281.0-095.0
100.583333333333,4.83333333333333,101,5,15,200,,,,,281.0-095.0
100.583333333333,4.83333333333333,101,5,25,300,,,,,281.0-095.0
100.6,4.83333333333333,101,5,20,216.4,11.6,,,,281.0-095.0
100.612,4.85066666666667,101,5,18,,,21,,,281.0-095.0
100.6155,4.8595,101,5,5,,,13,,,281.0-095.0
100.617,4.83783333333333,101,5,50,,,35,,,281.0-095.0
100.612,4.85066666666667,101,5,18,,,,9,,281.0-095.0
100.6155,4.8595,101,5,5,,,,5,,281.0-095.0
,,101,5,50,,,,,1,281.0-095.0
103.988472222222,1.41138888888889,103,1,50,174,78.8,,,,283.0-091.0
103.988472222222,1.41138888888889,103,1,50,561.6,241.4,,,,283.0-091.0
103.988472222222,1.41138888888889,103,1,50,443.6,155.6,,,,283.0-091.0
103.988472222222,1.41138888888889,103,1,50,309.8,73.8,,,,283.0-091.0
103.988472222222,1.41138888888889,103,1,50,199,85.8,,,,283.0-091.0
103.988472222222,1.41138888888889,103,1,50,188.6,77.2,,,,283.0-091.0
103.988472222222,1.41138888888889,103,1,50,325.8,103.4,,,,283.0-091.0
103.988472222222,1.41138888888889,103,1,50,134.6,43.4,,,,283.0-091.0
103.988472222222,1.41138888888889,103,1,50,181,84,,,,283.0-091.0
103.988472222222,1.41138888888889,103,1,50,238.6,86.6,,,,283.0-091.0
103.633333333333,0.675,103,1,50,89.68,,,,,283.0-091.0
103.633333333333,0.675,103,1,50,42.94,,,,,283.0-091.0
103.633333333333,0.675,103,1,50,75.99,,,,,283.0-091.0
103.633333333333,0.675,103,1,50,178.81,,,,,283.0-091.0
103.633333333333,0.675,103,1,50,279.03,,,,,283.0-091.0
103.633333333333,0.675,103,1,50,40.7,,,,,283.0-091.0
,,103,1,50,,,5.98407635319901,1.21028243971945,1,283.0-091.0
110.166666666667,21,111,21,4,39.3,8.6,,,,291.0-111.0
110.166666666667,21,111,21,5,59.6,12.1,,,,291.0-111.0
110.166666666667,21,111,21,8,76.4,19.5,,,,291.0-111.0
110.166666666667,21,111,21,10,82.1,26,,,,291.0-111.0
110.162408333333,20.9400222222222,111,21,50,67.5730442203598,18.98887,,,,291.0-111.0
110.162408333333,20.9400222222222,111,21,50,77.99143,25.95219,,,,291.0-111.0
110.162408333333,20.9400222222222,111,21,50,112.52011,25.56674,,,,291.0-111.0
110.162408333333,20.9400222222222,111,21,50,42.53854,10.48161,,,,291.0-111.0
110.162408333333,20.9400222222222,111,21,50,82.441,22.96664,,,,291.0-111.0
110.162408333333,20.9400222222222,111,21,50,8.68875,6.65874,,,,291.0-111.0
110.162408333333,20.9400222222222,111,21,50,12.29294,8.05729,,,,291.0-111.0
110.162408333333,20.9400222222222,111,21,50,19.65534,14.53862,,,,291.0-111.0
110.162408333333,20.9400222222222,111,21,20,,,5.56452626,,,291.0-111.0
110.15,20.93,111,21,50,,,6.257824,,,291.0-111.0
,,111,21,44,,,,1.38742056265059,1,291.0-111.0
36.276,-18.836,37,-19,5,15.3,9.3,,,,217.0-071.0
36.276,-18.836,37,-19,5,14.9,8.7,,,,217.0-071.0
36.276,-18.836,37,-19,5,22.1,12.9,,,,217.0-071.0
36.276,-18.836,37,-19,5,7.5,4.4,,,,217.0-071.0
36.276,-18.836,37,-19,5,6,3.6,,,,217.0-071.0
36.276,-18.836,37,-19,50,110.7,48.6,,,,217.0-071.0
36.276,-18.836,37,-19,50,193.3,81.4,,,,217.0-071.0
36.276,-18.836,37,-19,50,254.7,103.5,,,,217.0-071.0
36.276,-18.836,37,-19,50,366.7,144.3,,,,217.0-071.0
36.276,-18.836,37,-19,50,482.6,178.7,,,,217.0-071.0
36.2838888888889,-18.7166666666667,37,-19,50,150.8,,,,,217.0-071.0
36.2838888888889,-18.7166666666667,37,-19,50,193.4,,,,,217.0-071.0
36.2838888888889,-18.7166666666667,37,-19,50,254.8,,,,,217.0-071.0
36.2838888888889,-18.7166666666667,37,-19,50,366.6,,,,,217.0-071.0
36.2838888888889,-18.7166666666667,37,-19,50,482.6,,,,,217.0-071.0
,,37,-19,49,,,5.53363923926207,2.05890534812764,1,217.0-071.0
-52.852,5.366,-53,5,5,35.1,,,,,127.0-095.0
-52.853,5.363,-53,5,5,56.6,,,,,127.0-095.0
-52.996,5.444,-53,5,5,11.42,,,,,127.0-095.0
-52.852,5.36,-53,5,10,61.4,,,,,127.0-095.0
-52.852,5.356,-53,5,10,50.2,,,,,127.0-095.0
-52.993,5.444,-53,5,10,73.1,,,,,127.0-095.0
-52.993,5.441,-53,5,10,32.39,,,,,127.0-095.0
-52.908,5.38,-53,5,10,14.58,,,,,127.0-095.0
-52.895,5.364,-53,5,30,180,,,,,127.0-095.0
-53.029,5.449,-53,5,30,214.4,,,,,127.0-095.0
-52.871,5.351,-53,5,30,228.84,,,,,127.0-095.0
-53.03,5.441,-53,5,50,431.9,,,,,127.0-095.0
-52.979,5.417,-53,5,30,122.2,,,,,127.0-095.0
-53.028,5.46,-53,5,50,110,,,,,127.0-095.0
-53.025,5.459,-53,5,50,77.6,,,,,127.0-095.0
-52.9166666666667,5.425,-53,5,10,31.5,,,,,127.0-095.0
-52.9166666666667,5.425,-53,5,10,71.8,,,,,127.0-095.0
-52.9166666666667,5.425,-53,5,10,35.1,,,,,127.0-095.0
-52.9166666666667,5.425,-53,5,1,180,,,,,127.0-095.0
-52.9166666666667,5.425,-53,5,50,315,,,,,127.0-095.0
-52.9166666666667,5.425,-53,5,50,188.6,,,,,127.0-095.0
-52.9166666666667,5.425,-53,5,50,122.2,,,,,127.0-095.0
-52.9166666666667,5.425,-53,5,50,112.7,,,,,127.0-095.0
-52.9166666666667,5.425,-53,5,50,143.2,,,,,127.0-095.0
,,-53,5,42,,43.0756228914236,8.21101066555527,2.54606623598781,1,127.0-095.0
138.17981,9.55631,139,9,10,264.4,160.8,,,,319.0-099.0
138.14933,9.5145,139,9,30,373.4,215.6,,,,319.0-099.0
138.09983,9.55278,139,9,50,536.4,380.6,,,,319.0-099.0
138.09072,9.54253,139,9,50,477,336.6,,,,319.0-099.0
138.12747,9.58842,139,9,50,837,526.2,,,,319.0-099.0
138.127691666667,9.58786388888889,139,9,50,233.4,200,,,,319.0-099.0
138.127691666667,9.58786388888889,139,9,50,425.8,356,,,,319.0-099.0
138.127691666667,9.58786388888889,139,9,50,358.2,308,,,,319.0-099.0
138.15,9.55,139,9,50,487,,,,,319.0-099.0
138.15,9.55,139,9,50,298,,,,,319.0-099.0
138.15,9.55,139,9,50,517,,,,,319.0-099.0
138.15,9.55,139,9,50,169,,,,,319.0-099.0
138.15,9.55,139,9,50,200,,,,,319.0-099.0
138.15,9.55,139,9,50,257,,,,,319.0-099.0
138.15,9.55,139,9,50,498,406,,,,319.0-099.0
,,139,9,50,,,7.17229721497634,1.37971915465238,1,319.0-099.0
-92.4580555555556,18.6411111111111,-93,19,50,279.72,,,,,087.0-109.0
-92.4580555555556,18.6411111111111,-93,19,50,203.24,,,,,087.0-109.0
-92.4580555555556,18.6411111111111,-93,19,50,203.25,,,,,087.0-109.0
-92.6841666666667,18.6055555555556,-93,19,50,214,110,,,,087.0-109.0
-92.4577777777778,18.6519444444444,-93,19,50,254,74,,,,087.0-109.0
-92.4747222222222,18.6483333333333,-93,19,50,208,62,,,,087.0-109.0
-92.4675,18.5938888888889,-93,19,50,254,100,,,,087.0-109.0
-93.4286111111111,18.4922222222222,-93,19,50,110,66,,,,087.0-109.0
-92.4322222222222,18.5672222222222,-93,19,50,244,148,,,,087.0-109.0
-92.4483333333333,18.5952777777778,-93,19,50,112,68,,,,087.0-109.0
-93.15,18.3,-93,19,50,,15.911756,,,,087.0-109.0
-93.15,18.3,-93,19,50,,27.6580644,,,,087.0-109.0
-93.15,18.3,-93,19,50,,8.7654005,,,,087.0-109.0
-93.15,18.3,-93,19,50,,21.3213945,,,,087.0-109.0
-93.15,18.3,-93,19,50,,21.0984376,,,,087.0-109.0
-93.15,18.3,-93,19,50,,19.3734553,,,,087.0-109.0
,,-93,19,50,,,6.66853444125927,1.4578533353695,1,087.0-109.0
79.7784027777778,11.4903055555556,79,11,1,1.2,,,,,259.0-101.0
79.7784027777778,11.4903055555556,79,11,2,1.35,,,,,259.0-101.0
79.7784027777778,11.4903055555556,79,11,3,4.85,,,,,259.0-101.0
79.7784027777778,11.4903055555556,79,11,7,6.7,,,,,259.0-101.0
79.7784027777778,11.4903055555556,79,11,8,5.5,,,,,259.0-101.0
79.7784027777778,11.4903055555556,79,11,9,14.65,,,,,259.0-101.0
79.7651666666667,11.4894861111111,79,11,11.5,44.6,,,,,259.0-101.0
79.7651666666667,11.4894861111111,79,11,11.9,30.15,,,,,259.0-101.0
79.7651666666667,11.4894861111111,79,11,11.1,103.85,,,,,259.0-101.0
79.7651666666667,11.4894861111111,79,11,11.11,75.25,,,,,259.0-101.0
79.7651666666667,11.4894861111111,79,11,12.1,101.5,,,,,259.0-101.0
79.7651666666667,11.4894861111111,79,11,14.9,222.75,,,,,259.0-101.0
79.7651666666667,11.4894861111111,79,11,15.2,34.05,,,,,259.0-101.0
79.7651666666667,11.4894861111111,79,11,15.3,46.35,,,,,259.0-101.0
79.7651666666667,11.4894861111111,79,11,16.3,211.7,,,,,259.0-101.0
79.7651666666667,11.4894861111111,79,11,16.8,350.5,,,,,259.0-101.0
79.7651666666667,11.4894861111111,79,11,17.5,224.6,,,,,259.0-101.0
79.7735,11.4899166666667,79,11,50,117.65,,,,,259.0-101.0
79.7735,11.4899166666667,79,11,50,59.95,,,,,259.0-101.0
79.7735,11.4899166666667,79,11,50,34.55,,,,,259.0-101.0
79.7735,11.4899166666667,79,11,50,23.75,,,,,259.0-101.0
79.7735,11.4899166666667,79,11,50,84.8,,,,,259.0-101.0
79.7735,11.4899166666667,79,11,50,205.05,,,,,259.0-101.0
,,79,11,49,,17.9011964183449,2.22766026823946,0.920665832972026,1,259.0-101.0
122.3895,11.7188,123,11,12,51.43,,,,,303.0-101.0
122.3912,11.7185,123,11,17,101.8,,,,,303.0-101.0
122.956944444444,11.0680555555556,123,11,50,137.511,53.325,,,,303.0-101.0
122.146111111111,11.8238888888889,123,11,50,206.847,77.544,,,,303.0-101.0
122.387222222222,11.7427777777778,123,11,50,65.678673231407,28.3026690852552,,,,303.0-101.0
122.387222222222,11.7427777777778,123,11,9,44.0758196721312,17.3032786885246,,,,303.0-101.0
122.705833333333,10.7933333333333,123,11,50,67.7777777777778,29.6837606837606,,,,303.0-101.0
122.705833333333,10.7933333333333,123,11,8,20.2,8.56,,,,303.0-101.0
122.624166666667,10.7616666666667,123,11,6,9.14823008849558,1.21017699115044,,,,303.0-101.0
122.783611111111,10.8375,123,11,9,37.2646227440748,13.8821482931072,,,,303.0-101.0
122.2,11.8,123,11,50,,,,,,303.0-101.0
122.2,11.8,123,11,50,,,,,,303.0-101.0
122.2,11.8,123,11,50,,,,,,303.0-101.0
122.2,11.8,123,11,50,,,,,,303.0-101.0
122.2,11.8,123,11,50,567.5,,,,,303.0-101.0
122.2,11.8,123,11,50,77.3,,,,,303.0-101.0
122.2,11.8,123,11,50,323.5,,,,,303.0-101.0
122.2,11.8,123,11,50,235.8,,,,,303.0-101.0
,,123,11,43,,,4.79818953837849,1.46308263300233,1,303.0-101.0
124.73622,1.74986,125,1,10,186.4,55,,,,305.0-091.0
124.95869,1.69453,125,1,10,59.6,19.6,,,,305.0-091.0
124.75486,1.73781,125,1,10,88,21,,,,305.0-091.0
124.80381,1.56733,125,1,10,110.8,63,,,,305.0-091.0
124.50681,1.29617,125,1,30,113.4,73.8,,,,305.0-091.0
124.55069,1.37225,125,1,30,178.2,56.4,,,,305.0-091.0
124.838888888889,1.58888888888889,125,1,50,137.4,27.6,,,,305.0-091.0
124.838888888889,1.58888888888889,125,1,50,364.4,141.6,,,,305.0-091.0
124.838888888889,1.58888888888889,125,1,50,100.4,31.4,,,,305.0-091.0
124.838888888889,1.58888888888889,125,1,50,44,11.6,,,,305.0-091.0
124.838888888889,1.58888888888889,125,1,50,77.6,30,,,,305.0-091.0
,,125,1,49,,,6.91335195157533,1.80430447721313,1,305.0-091.0
106.802666666667,10.4783333333333,107,11,37,260.9,,,,,287.0-101.0
106.802666666667,10.4828333333333,107,11,37,293.7,,,,,287.0-101.0
106.8005,10.48,107,11,37,267.1,,,,,287.0-101.0
106.789166666667,10.4801666666667,107,11,25,188,,,,,287.0-101.0
106.789166666667,10.4791666666667,107,11,25,135.4,,,,,287.0-101.0
106.789166666667,10.4776666666667,107,11,25,217.6,,,,,287.0-101.0
106.794166666667,10.4868333333333,107,11,16,179.4,,,,,287.0-101.0
106.879,10.402,107,11,50,429.4,57.4,,,,287.0-101.0
106.9425,10.4833333333333,107,11,44,143.6,9.8,,,,287.0-101.0
106.932222222222,10.4369444444444,107,11,44,68.4,13.8,,,,287.0-101.0
106.855277777778,10.4402777777778,107,11,44,118,34.6,,,,287.0-101.0
106.929166666667,10.5316666666667,107,11,44,94.6,7,,,,287.0-101.0
106.821666666667,10.5025,107,11,44,204,30.2,,,,287.0-101.0
106.898055555556,10.5211111111111,107,11,44,107.8,8.8,,,,287.0-101.0
,,107,11,49,,,4.96759846027855,0.409692504325629,1,287.0-101.0
117.558611111111,-0.505277777777778,117,-1,50,326,104,,,,297.0-089.0
117.501111111111,-0.515,117,-1,50,222,52,,,,297.0-089.0
117.531388888889,-0.732777777777778,117,-1,50,244,62,,,,297.0-089.0
117.573333333333,-0.731666666666667,117,-1,50,270,56,,,,297.0-089.0
117.5025,-0.350555555555556,117,-1,50,226,30,,,,297.0-089.0
117.519722222222,-0.350833333333333,117,-1,50,168,58,,,,297.0-089.0
117.533333333333,-0.389444444444444,117,-1,50,292,58,,,,297.0-089.0
117.5075,-0.808333333333333,117,-1,50,222,32,,,,297.0-089.0
117.524722222222,-0.8125,117,-1,50,186,28,,,,297.0-089.0
117.615277777778,-0.764166666666667,117,-1,50,198,66,,,,297.0-089.0
,,117,-1,50,,,5.28067848178174,1.07985666806353,1,297.0-089.0
123.748,-10.087,123,-11,9,,0.094,,,,303.0-079.0
123.748,-10.087,123,-11,9,,0.048,,,,303.0-079.0
123.748,-10.087,123,-11,7,,0.244,,,,303.0-079.0
123.748,-10.087,123,-11,6,,0.228,,,,303.0-079.0
123.748,-10.087,123,-11,6,,1.418,,,,303.0-079.0
123.748,-10.087,123,-11,50,,0.122,,,,303.0-079.0
123.748,-10.087,123,-11,50,,2.84,,,,303.0-079.0
123.748,-10.087,123,-11,9,0.321,,,,,303.0-079.0
123.748,-10.087,123,-11,9,0.054,,,,,303.0-079.0
123.748,-10.087,123,-11,9,0.192,,,,,303.0-079.0
123.748,-10.087,123,-11,7,0.132,,,,,303.0-079.0
123.748,-10.087,123,-11,7,0.691,,,,,303.0-079.0
123.748,-10.087,123,-11,7,0.152,,,,,303.0-079.0
123.748,-10.087,123,-11,6,0.912,,,,,303.0-079.0
123.748,-10.087,123,-11,6,5.675,,,,,303.0-079.0
123.748,-10.087,123,-11,50,0.242,,,,,303.0-079.0
123.748,-10.087,123,-11,50,0.246,,,,,303.0-079.0
123.748,-10.087,123,-11,50,6.34,,,,,303.0-079.0
123.748,-10.087,123,-11,50,5.025,,,,,303.0-079.0
,,123,-11,50,,,4.70201159552095,2.17295467894428,1,303.0-079.0
146.166666666667,-18.3333333333333,147,-19,50,619,,,,,327.0-071.0
146.166666666667,-18.3333333333333,147,-19,50,460,,,,,327.0-071.0
146.166666666667,-18.3333333333333,147,-19,50,347,,,,,327.0-071.0
146.166666666667,-18.3333333333333,147,-19,50,253,,,,,327.0-071.0
146.166666666667,-18.3333333333333,147,-19,50,143,,,,,327.0-071.0
146.166666666667,-18.3333333333333,147,-19,50,204,,,,,327.0-071.0
146.166666666667,-18.3333333333333,147,-19,50,518,,,,,327.0-071.0
146.166666666667,-18.3333333333333,147,-19,50,539,,,,,327.0-071.0
146.166666666667,-18.3333333333333,147,-19,50,347,,,,,327.0-071.0
146.166666666667,-18.3333333333333,147,-19,50,240,,,,,327.0-071.0
146.166666666667,-18.3333333333333,147,-19,50,207,,,,,327.0-071.0
146.166666666667,-18.3333333333333,147,-19,50,160,,,,,327.0-071.0
146.166666666667,-18.3333333333333,147,-19,50,203,,,,,327.0-071.0
146.166666666667,-18.3333333333333,147,-19,50,161,,,,,327.0-071.0
146.166666666667,-18.3333333333333,147,-19,50,204,,,,,327.0-071.0
146.166666666667,-18.3333333333333,147,-19,50,204,,,,,327.0-071.0
146.166666666667,-18.3333333333333,147,-19,50,287,,,,,327.0-071.0
146.166666666667,-18.3333333333333,147,-19,50,242,,,,,327.0-071.0
,,147,-19,50,,40.762909084285,6.28934795774965,2.71548545627147,1,327.0-071.0
-87.7004,19.4866666666667,-87,19,50,176.2,156.6,,,,093.0-109.0
-87.4658333333333,19.6958333333333,-87,19,50,144.9,147.2,,,,093.0-109.0
-87.4538888888889,19.6477,-87,19,50,105,78,,,,093.0-109.0
-87.4788888888889,19.78,-87,19,50,114.2,71.6,,,,093.0-109.0
-87.4612,19.8612,-87,19,50,3,8.7,,,,093.0-109.0
-87.48,19.8408,-87,19,50,7.1,19,,,,093.0-109.0
-87.495,19.8218,-87,19,50,5.3,12.2,,,,093.0-109.0
-87.5743,19.7936,-87,19,50,23.4,,,,,093.0-109.0
-87.5887,19.7758333333333,-87,19,50,18,0.7,,,,093.0-109.0
,,-87,19,50,,,3.88016986071581,1.51049202958785,1,093.0-109.0
174.760336111111,-36.3143388888889,175,-37,10,29.2,58.3,,,,355.0-053.0
174.776083333333,-36.810575,175,-37,50,9.4,62.1,,,,355.0-053.0
175.786791666667,-36.9369722222222,175,-37,20,61.6,45.9,,,,355.0-053.0
175.861497222222,-37.2022388888889,175,-37,13,32.8,70.9,,,,355.0-053.0
175.847116666667,-37.0130916666667,175,-37,13,22.5,50.8,,,,355.0-053.0
175.428528205128,-37.1059102564103,175,-37,50,43.5,,,,,355.0-053.0
174.579,-36.13,175,-37,50,,,,,,355.0-053.0
174.581805555556,-36.1171888888889,175,-37,50,27,37.3,,,,355.0-053.0
174.576388888889,-36.1030555555556,175,-37,50,89,147,,,,355.0-053.0
174.575972222222,-36.10375,175,-37,50,55,116.2,,,,355.0-053.0
174.583,-36.132,175,-37,50,,,,,,355.0-053.0
,,175,-37,45,,,6.7365404136473,4.39026412192521,1,355.0-053.0
151.15,-33.8333333333333,151,-33,50,,153.8,,,,331.0-057.0
151.019,-33.978,151,-33,7.5,8.38356164383557,,,,,331.0-057.0
151.019,-33.978,151,-33,37,60.6575342465753,,,,,331.0-057.0
151.019,-33.978,151,-33,50,80.8767123287671,,,,,331.0-057.0
151.019,-33.978,151,-33,50,116.383561643835,,,,,331.0-057.0
151.75,-32.875,151,-33,15,21.8,,,,,331.0-057.0
151.5,-33.5,151,-33,15,21.7,,,,,331.0-057.0
151.15,-33.8333333333333,151,-33,50,129.5,147.3,,,,331.0-057.0
151.15,-33.8333333333333,151,-33,50,100.2,160.3,,,,331.0-057.0
151.2,-33.7666666666667,151,-33,50,220,,,,,331.0-057.0
151.5,-33.5,151,-33,50,260.6655245,107.16607830552,,,,331.0-057.0
151.5,-33.5,151,-33,50,131.76040439733,75.9953293470536,,,,331.0-057.0
,,151,-33,49,,,6.05152587614084,3.75745663355223,1,331.0-057.0
113.583333333333,22.6,113,23,6,869.2,251.25,,,,293.0-113.0
113.583333333333,22.6,113,23,6,41.6,14,,,,293.0-113.0
113.764722222222,22.7206666666667,113,23,2,0.506,0.155,,,,293.0-113.0
113.764722222222,22.7206666666667,113,23,2,7.861,1.764,,,,293.0-113.0
113.764722222222,22.7206666666667,113,23,2,51.178,4.801,,,,293.0-113.0
113.64,22.6,113,23,50,,,4.338094,,,293.0-113.0
113.64,22.6,113,23,50,,,3.383767,,,293.0-113.0
113.764722222222,22.7206666666667,113,23,2,,,,4.8302775,,293.0-113.0
113.764722222222,22.7206666666667,113,23,2,,,,0.063705,,293.0-113.0
113.764722222222,22.7206666666667,113,23,2,,,,0.757473,,293.0-113.0
,,113,23,50,,,,,1,293.0-113.0
-92.4333333333333,14.7166666666667,-93,15,50,383.6,127.9,,,,087.0-105.0
-92.4333333333333,14.7166666666667,-93,15,50,342.4,118.3,,,,087.0-105.0
-92.4333333333333,14.7166666666667,-93,15,50,391.6,140,,,,087.0-105.0
-92.4333333333333,14.7166666666667,-93,15,50,621.3,203.1,,,,087.0-105.0
-92.4333333333333,14.7166666666667,-93,15,50,198.8,93.9,,,,087.0-105.0
-92.4333333333333,14.7166666666667,-93,15,50,303.5,127.8,,,,087.0-105.0
-92.4333333333333,14.7166666666667,-93,15,50,706.6,268.7,,,,087.0-105.0
,,-93,15,50,,,6.51210932686106,1.24856361295147,1,087.0-105.0
53.05194,24.63165,53,25,50,38.3,28.4,,,,233.0-115.0
53.05385,24.62777,53,25,50,71.1,31,,,,233.0-115.0
53.31363,24.28131,53,25,50,23.1,26.3,,,,233.0-115.0
53.80228,24.20136,53,25,3,1.58333333333331,1.41666666666667,,,,233.0-115.0
53.80068,24.20323,53,25,5,15.6666666666665,14.1666666666667,,,,233.0-115.0
53.80013,24.20385,53,25,10,21.8333333333334,20.0833333333332,,,,233.0-115.0
53.79876,24.21322,53,25,15,0.04,0.0433333333333344,,,,233.0-115.0
,,53,25,48,,,1.18567461062113,0.369361981610058,1,233.0-115.0
39.5,-4.41666666666667,39,-5,12,106.7,24.9,,,,219.0-085.0
38.8916666666667,-5.65,39,-5,50,,,,,,219.0-085.0
39.8333333333333,-4.41666666666667,39,-5,5,20.25,,,,,219.0-085.0
39.8333333333333,-4.41666666666667,39,-5,8,11.7,,,,,219.0-085.0
39.8333333333333,-4.41666666666667,39,-5,5,6.7,,,,,219.0-085.0
39.8333333333333,-4.41666666666667,39,-5,8,3.7,,,,,219.0-085.0
39.5,-4.41666666666667,39,-5,50,40.1,12.1503,,,,219.0-085.0
39.5,-4.41666666666667,39,-5,50,249,62.001,,,,219.0-085.0
39.5,-4.41666666666667,39,-5,9,,16.5,,,,219.0-085.0
39.5,-4.41666666666667,39,-5,12,,43,,,,219.0-085.0
39.5,-4.41666666666667,39,-5,11,,64.5,,,,219.0-085.0
,,39,-5,50,,,5.70789889476961,2.16588538946692,1,219.0-085.0
102.5,12.2,103,13,50,169.9,68.4,,,,283.0-103.0
102.5,12.2,103,13,50,259.2,105,,,,283.0-103.0
102.5,12.2,103,13,50,227,97.7,,,,283.0-103.0
102.566666666667,12.1833333333333,103,13,3,2,,,,,283.0-103.0
102.566666666667,12.1833333333333,103,13,4,2.6,,,,,283.0-103.0
102.566666666667,12.1833333333333,103,13,5,6,,,,,283.0-103.0
102.566666666667,12.1833333333333,103,13,9,25.2,,,,,283.0-103.0
102.55,12.2,103,13,50,,0.89,,,,283.0-103.0
102.55,12.2,103,13,50,,0.75,,,,283.0-103.0
102.55,12.2,103,13,50,,1.37,,,,283.0-103.0
,,103,13,48,,,4.7164318146837,0.962718488414771,1,283.0-103.0
106.675,9.89,107,9,26,218,,,,,287.0-099.0
106.675,9.89,107,9,22,263,,,,,287.0-099.0
106.675,9.89,107,9,21,202,,,,,287.0-099.0
106.675,9.89,107,9,20,85,,,,,287.0-099.0
106.675,9.89,107,9,19,164,,,,,287.0-099.0
106.675,9.89,107,9,18,146,,,,,287.0-099.0
106.675,9.89,107,9,16,320,,,,,287.0-099.0
106.675,9.89,107,9,15,262,,,,,287.0-099.0
106.675,9.89,107,9,14,166,,,,,287.0-099.0
106.675,9.89,107,9,13,283,,,,,287.0-099.0
106.675,9.89,107,9,12,278.59,,,,,287.0-099.0
106.675,9.89,107,9,11,149.89,,,,,287.0-099.0
106.675,9.89,107,9,7,76.15,,,,,287.0-099.0
,,107,9,45,,32.120907503054,4.16496770604867,1.05603319028501,1,287.0-099.0
162.96306,5.34919,163,5,50,475.8,391.8,,,,343.0-095.0
162.96406,5.28219,163,5,50,485,407.4,,,,343.0-095.0
162.94497,5.32633,163,5,50,496.2,388,,,,343.0-095.0
162.9105,5.28328,163,5,50,386,173.4,,,,343.0-095.0
162.964,5.282,163,5,50,,7.2,,,,343.0-095.0
162.962,5.345,163,5,50,,8.7,,,,343.0-095.0
162.964,5.32,163,5,50,,9.52,,,,343.0-095.0
162.964,5.32,163,5,50,,11.91,,,,343.0-095.0
162.964,5.32,163,5,50,,14.24,,,,343.0-095.0
,,163,5,50,,,6.38709796449933,1.78597819795485,1,343.0-095.0
114.6275,-8.39444444444444,115,-9,50,334,89,,,,295.0-081.0
114.6275,-8.39444444444444,115,-9,50,244,89,,,,295.0-081.0
114.6275,-8.39444444444444,115,-9,50,565,128,,,,295.0-081.0
114.6275,-8.39444444444444,115,-9,8,146,52,,,,295.0-081.0
114.6275,-8.39444444444444,115,-9,10,152,78,,,,295.0-081.0
114.6275,-8.39444444444444,115,-9,8,49,33,,,,295.0-081.0
,,115,-9,46,,,7.14785512284623,2.59688000938073,1,295.0-081.0
118.765,9.88194444444444,119,9,30,89.66,43.25,,,,299.0-099.0
118.765,9.88194444444444,119,9,30,103.29,48.42,,,,299.0-099.0
118.765,9.88194444444444,119,9,30,106.2,58.67,,,,299.0-099.0
118.765,9.88194444444444,119,9,30,13.2,6.72,,,,299.0-099.0
118.765,9.88194444444444,119,9,30,37.49,22.01,,,,299.0-099.0
118.765,9.88194444444444,119,9,30,31.65,16.68,,,,299.0-099.0
,,119,9,50,,,6.53977535162106,1.14201241307225,1,299.0-099.0
127.666666666667,26.1833333333333,127,27,50,64.9,110.4,,,,307.0-117.0
127.666666666667,26.1833333333333,127,27,50,111.6,50.2,,,,307.0-117.0
127.666666666667,26.1833333333333,127,27,50,208.2,90.6,,,,307.0-117.0
127.666666666667,26.1833333333333,127,27,12,80.5,71.8,,,,307.0-117.0
127.666666666667,26.1833333333333,127,27,12,,,7.6994,,,307.0-117.0
127.666666666667,26.1833333333333,127,27,50,,,,4.5621,,307.0-117.0
127.666666666667,26.1833333333333,127,27,50,,,,2.5619,,307.0-117.0
127.666666666667,26.1833333333333,127,27,50,,,,2.7126,,307.0-117.0
,,127,27,47,,,,,1,307.0-117.0
98.3833333333333,9.36666666666667,99,9,50,229.91,86.268,,,,279.0-099.0
98,8,99,9,15,150,,,,,279.0-099.0
98.6333333333333,9.96666666666667,99,9,50,,171.8,,,,279.0-099.0
98.6333333333333,9.96666666666667,99,9,50,,84.8,,,,279.0-099.0
98.6333333333333,9.96666666666667,99,9,50,,242.6,,,,279.0-099.0
98.6333333333333,9.96666666666667,99,9,50,,509.5,,,,279.0-099.0
98.567,9.903,99,9,50,252.737,111.571,,,,279.0-099.0
98.567,9.903,99,9,50,28.432,6.063,,,,279.0-099.0
,,99,9,50,,,6.64454823142222,0.923600945352584,1,279.0-099.0
124.216666666667,24.4833333333333,125,25,50,,36.5,,,,305.0-115.0
124.216666666667,24.4833333333333,125,25,50,,41.92,,,,305.0-115.0
124.216666666667,24.4833333333333,125,25,50,,11.92,,,,305.0-115.0
124.216666666667,24.4833333333333,125,25,50,,19.4,,,,305.0-115.0
124.216666666667,24.4833333333333,125,25,50,,33.6,,,,305.0-115.0
124.216666666667,24.4833333333333,125,25,50,,14.72,,,,305.0-115.0
124.216666666667,24.4833333333333,125,25,50,161.4,,,,,305.0-115.0
124.216666666667,24.4833333333333,125,25,50,,,,,,305.0-115.0
124.216666666667,24.4833333333333,125,25,50,,,,,,305.0-115.0
124.216666666667,24.4833333333333,125,25,50,,,,,,305.0-115.0
124.216666666667,24.4833333333333,125,25,50,167.2,,,,,305.0-115.0
124.216666666667,24.4833333333333,125,25,50,180.4,,,,,305.0-115.0
124.216666666667,24.4833333333333,125,25,50,184.3,,,,,305.0-115.0
124.216666666667,24.4833333333333,125,25,50,124.9,,,,,305.0-115.0
,,125,25,49,,,4.85509197651663,2.27874755381605,1,305.0-115.0
47.0869444444444,-15.4075,47,-15,50,209.08,100.14,,,,227.0-075.0
47.0869444444444,-15.4075,47,-15,50,177,77.64,,,,227.0-075.0
47.0869444444444,-15.4075,47,-15,50,44.9,27.38,,,,227.0-075.0
47.0869444444444,-15.4075,47,-15,50,35.32,25.8,,,,227.0-075.0
47.0869444444444,-15.4075,47,-15,50,19.36,9.74,,,,227.0-075.0
,,47,-15,49,,,3.92273205962452,1.63722250518759,1,227.0-075.0
56.03976,25.8981,57,25,50,56.8,77.1,,,,237.0-115.0
56.35649,25.01736,57,25,50,97.9,92.9,,,,237.0-115.0
56.35649,25.01736,57,25,50,243.6,78.4,,,,237.0-115.0
56.35649,25.01736,57,25,50,144.8,86.1,,,,237.0-115.0
56.35998,25.00956,57,25,50,180.5,55.5,,,,237.0-115.0
,,57,25,48,,,0.750278344505975,0.252535703876421,1,237.0-115.0
101.233333333333,3.33333333333333,101,3,50,,,,,,281.0-093.0
101.233333333333,3.33333333333333,101,3,50,,,,,,281.0-093.0
101.233333333333,3.33333333333333,101,3,50,,,,,,281.0-093.0
101.233333333333,3.66666666666667,101,3,50,,,,,,281.0-093.0
101.233333333333,3.66666666666667,101,3,50,,,,,,281.0-093.0
100.966666666667,3.33333333333333,101,3,50,,,,,,281.0-093.0
100.966666666667,3.33333333333333,101,3,50,,,,,,281.0-093.0
100.966666666667,3.33333333333333,101,3,50,,,,,,281.0-093.0
100.966666666667,3.33333333333333,101,3,50,,,,,,281.0-093.0
100.966666666667,3.33333333333333,101,3,50,,,,,,281.0-093.0
100.966666666667,3.33333333333333,101,3,50,,,,,,281.0-093.0
101.233333333333,3.66666666666667,101,3,50,305.46,4.6,,,,281.0-093.0
100.966666666667,3.33333333333333,101,3,50,122.78,12.12,,,,281.0-093.0
101.326666666667,3.02805555555556,101,3,50,,,,,,281.0-093.0
101.326666666667,3.02805555555556,101,3,50,,,,,,281.0-093.0
101.326666666667,3.02805555555556,101,3,50,,,,,,281.0-093.0
101.326666666667,3.02805555555556,101,3,50,,,,,,281.0-093.0
101.326666666667,3.02805555555556,101,3,50,,,,,,281.0-093.0
101.326666666667,3.02805555555556,101,3,50,,,,,,281.0-093.0
101.326666666667,3.02805555555556,101,3,50,,,,,,281.0-093.0
101.326666666667,3.02805555555556,101,3,50,,,,,,281.0-093.0
101.378888888889,3.04861111111111,101,3,50,,,,,,281.0-093.0
101.378888888889,3.04861111111111,101,3,50,,,,,,281.0-093.0
101.378888888889,3.04861111111111,101,3,50,,,,,,281.0-093.0
101.378888888889,3.04861111111111,101,3,50,,,,,,281.0-093.0
101.378888888889,3.04861111111111,101,3,50,,,,,,281.0-093.0
101.378888888889,3.04861111111111,101,3,50,,,,,,281.0-093.0
101.378888888889,3.04861111111111,101,3,50,,,,,,281.0-093.0
101.378888888889,3.04861111111111,101,3,50,,,,,,281.0-093.0
101.378888888889,3.04861111111111,101,3,50,,,,,,281.0-093.0
101.378888888889,3.04861111111111,101,3,50,,,,,,281.0-093.0
101.263888888889,3.02555555555556,101,3,50,,,,,,281.0-093.0
101.263888888889,3.02555555555556,101,3,50,,,,,,281.0-093.0
101.263888888889,3.02555555555556,101,3,50,,,,,,281.0-093.0
101.263888888889,3.02555555555556,101,3,50,,,,,,281.0-093.0
101.263888888889,3.02555555555556,101,3,50,,,,,,281.0-093.0
101.263888888889,3.02555555555556,101,3,50,,,,,,281.0-093.0
101.263888888889,3.02555555555556,101,3,50,,,,,,281.0-093.0
101.263888888889,3.02555555555556,101,3,50,,,,,,281.0-093.0
101.263888888889,3.02555555555556,101,3,50,,,,,,281.0-093.0
101.263888888889,3.02555555555556,101,3,50,,,,,,281.0-093.0
101.326666666667,3.02805555555556,101,3,50,128.5,63.72,,,,281.0-093.0
101.378888888889,3.04861111111111,101,3,50,155.58,65.06,,,,281.0-093.0
101.263888888889,3.02555555555556,101,3,50,108.27,53.66,,,,281.0-093.0
,,101,3,48,,,6.01894066806821,0.800474012281089,1,281.0-093.0
111.73775,-2.73667,111,-3,30,134.2,44.8,,,,291.0-087.0
111.73872,-2.84886,111,-3,50,290.2,111.6,,,,291.0-087.0
111.69878,-2.78389,111,-3,50,357.4,123.8,,,,291.0-087.0
111.73181,-2.85594,111,-3,50,169.6,65.6,,,,291.0-087.0
111.71383,-2.74128,111,-3,50,291.6,95.2,,,,291.0-087.0
,,111,-3,50,,,6.19162081676674,1.49619947523462,1,291.0-087.0
121.447527777778,13.8141666666667,121,13,50,37.72,,,,,301.0-103.0
121.447527777778,13.8141666666667,121,13,10,100.66,,,,,301.0-103.0
121.447527777778,13.8141666666667,121,13,10,143.5,,,,,301.0-103.0
121.447527777778,13.8141666666667,121,13,10,255.36,,,,,301.0-103.0
121.447527777778,13.8141666666667,121,13,10,177.6,,,,,301.0-103.0
121.451916666667,13.8125277777778,121,13,50,233.14,,,,,301.0-103.0
121.451916666667,13.8125277777778,121,13,10,5.02,,,,,301.0-103.0
121.451916666667,13.8125277777778,121,13,10,24.98,,,,,301.0-103.0
121.451916666667,13.8125277777778,121,13,10,25.52,,,,,301.0-103.0
121.451916666667,13.8125277777778,121,13,10,18.24,,,,,301.0-103.0
,,121,13,48,,73.5218612368488,6.29493663772743,1.44119565748538,1,301.0-103.0
122.010666666667,-4.55336111111111,123,-5,50,191.01,,,,,303.0-085.0
122.010666666667,-4.55336111111111,123,-5,46,179.72,,,,,303.0-085.0
122.010666666667,-4.55336111111111,123,-5,42,188.5,,,,,303.0-085.0
122.010666666667,-4.55336111111111,123,-5,49,132.98,,,,,303.0-085.0
122.010666666667,-4.55336111111111,123,-5,28,42.58,,,,,303.0-085.0
122.010666666667,-4.55336111111111,123,-5,24,26.23,,,,,303.0-085.0
122.010666666667,-4.55336111111111,123,-5,26,69.55,,,,,303.0-085.0
122.010666666667,-4.55336111111111,123,-5,29,90.04,,,,,303.0-085.0
122.010666666667,-4.55336111111111,123,-5,29,67.36,,,,,303.0-085.0
122.010666666667,-4.55336111111111,123,-5,36.33,109.77,,,,,303.0-085.0
,,123,-5,50,,55.9737699131978,6.19644444954458,1.40722522269239,1,303.0-085.0
134.53911,7.35211,135,7,10,208.8,135.6,,,,315.0-097.0
134.539325,7.35224722222222,135,7,50,,,,,,315.0-097.0
134.539325,7.35224722222222,135,7,50,162.8,140,,,,315.0-097.0
134.539325,7.35224722222222,135,7,50,196,140,,,,315.0-097.0
134.539325,7.35224722222222,135,7,50,267.4,200,,,,315.0-097.0
134.466666666667,7.58333333333333,135,7,50,202,136,,,,315.0-097.0
,,135,7,50,,,6.59604395282397,1.16102234268552,1,315.0-097.0
-91.9430555555556,18.6152777777778,-91,19,50,116.45,,,,,089.0-109.0
-91.9430555555556,18.6152777777778,-91,19,50,145.46,,,,,089.0-109.0
-91.9430555555556,18.6152777777778,-91,19,50,165.29,,,,,089.0-109.0
-91.9430555555556,18.6152777777778,-91,19,50,236.9,,,,,089.0-109.0
-91.9430555555556,18.6152777777778,-91,19,50,113.8,,,,,089.0-109.0
-91.9430555555556,18.6152777777778,-91,19,50,151.67,,,,,089.0-109.0
-91.9722222222222,18.6172222222222,-91,19,50,169.56,,,,,089.0-109.0
-91.9722222222222,18.6172222222222,-91,19,50,162.03,,,,,089.0-109.0
-91.9722222222222,18.6172222222222,-91,19,50,269.8,,,,,089.0-109.0
,,-91,19,50,,31.8430563647862,5.76320142673626,1.20315527522541,1,089.0-109.0
119.315,-5.475,119,-5,50,66.4,14.4,,,,299.0-085.0
119.306111111111,-5.47694444444444,119,-5,50,24.2,5.4,,,,299.0-085.0
119.363888888889,-5.32694444444444,119,-5,50,183,62,,,,299.0-085.0
119.288888888889,-5.46,119,-5,50,1.6,0.6,,,,299.0-085.0
119.6,-4.23333333333333,119,-5,25,60.1,,,,,299.0-085.0
,,119,-5,47,,,3.75804577415469,1.24323164411575,1,299.0-085.0
108.95828,-7.71289,109,-7,10,4.6,1,,,,289.0-083.0
108.97044,-7.72369,109,-7,10,25.4,12.4,,,,289.0-083.0
108.916666666667,-7.68333333333333,109,-7,50,101.19,,,,,289.0-083.0
108.916666666667,-7.68333333333333,109,-7,50,102.13,,,,,289.0-083.0
108.916666666667,-7.68333333333333,109,-7,50,31.51,,,,,289.0-083.0
108.916666666667,-7.68333333333333,109,-7,50,5.52,,,,,289.0-083.0
,,109,-7,45,,,7.13008550505091,1.80278723783447,1,289.0-083.0
-86.3988888888889,16.4041666666667,-87,17,50,140.2,,,,,093.0-107.0
-86.3986111111111,16.4013888888889,-87,17,50,326,,,,,093.0-107.0
-86.8886111111111,16.0886111111111,-87,17,50,34.2,,,,,093.0-107.0
-86.9016666666667,16.1191666666667,-87,17,50,140.8,,,,,093.0-107.0
-86.9088888888889,16.0983333333333,-87,17,50,105.8,,,,,093.0-107.0
-86.9141666666667,16.0927777777778,-87,17,50,47.4,,,,,093.0-107.0
-86.9416666666667,16.11,-87,17,50,34,,,,,093.0-107.0
,,-87,17,50,,19.8507438097718,5.39044890184377,1.74933319507971,1,093.0-107.0
99.1633333333333,10.28,99,11,20,344.2,65.9,,,,279.0-101.0
99.1633333333333,10.2783333333333,99,11,5,42,4.6,,,,279.0-101.0
99.22,10.3733333333333,99,11,3,65,8.1,,,,279.0-101.0
99.2216666666667,10.3733333333333,99,11,3,46,,,,,279.0-101.0
,,99,11,50,,,5.98483850845021,0.806710273854369,1,279.0-101.0
120.03,16.33,121,17,6,13.59,,,,,301.0-107.0
120.03,16.33,121,17,8,25.78,,,,,301.0-107.0
120.03,16.33,121,17,10,27.76,,,,,301.0-107.0
120.03,16.33,121,17,11,42.84,,,,,301.0-107.0
120.03,16.33,121,17,18,105.8,,,,,301.0-107.0
120.0101,16.3151,121,17,6,13.58,,,,,301.0-107.0
120.0019,16.3208,121,17,10,38.45,,,,,301.0-107.0
,,121,17,34,,11.4779226438463,4.42304074313599,1.87496737021577,1,301.0-107.0
-82.5636111111111,27.5808333333333,-83,27,50,76.6,,,,,097.0-117.0
-82.6013888888889,27.8461111111111,-83,27,50,95.4,,,,,097.0-117.0
-82.7152777777778,27.6275,-83,27,50,68.6,,,,,097.0-117.0
-82.5513888888889,27.5991666666667,-83,27,7,84,,,,,097.0-117.0
-82.4677777777778,27.7425,-83,27,25,80,,,,,097.0-117.0
-82.6875,27.7430555555556,-83,27,3,84.8,,,,,097.0-117.0
,,-83,27,50,,28.2820000109795,5.37968291898715,1.51063542431616,1,097.0-117.0
-80.018,0.61,-81,1,50,70,,,,,099.0-091.0
-80.018,0.61,-81,1,50,193,,,,,099.0-091.0
-80.018,0.61,-81,1,50,39,,,,,099.0-091.0
-80.018,0.61,-81,1,11,24,,,,,099.0-091.0
-80.018,0.61,-81,1,13,46,,,,,099.0-091.0
-80.018,0.61,-81,1,21,93.3,,,,,099.0-091.0
,,-81,1,48,,20.4063127897395,4.55890410958904,2.1208737663868,1,099.0-091.0
-71.6919444444444,19.7666666666667,-71,19,10,11.9,14.6,,,,109.0-109.0
-71.6919444444444,19.7666666666667,-71,19,30,54.2,44.8,,,,109.0-109.0
-71.6919444444444,19.7666666666667,-71,19,50,240.7,90.6,,,,109.0-109.0
,,-71,19,50,,,5.64263753723227,1.81281610993026,1,109.0-109.0
-40.1571555555556,-19.94995,-41,-19,50,,,,,,139.0-071.0
-40.1571555555556,-19.94995,-41,-19,50,,,,,,139.0-071.0
-40.1571555555556,-19.94995,-41,-19,50,,,,,,139.0-071.0
-40.1571555555556,-19.94995,-41,-19,50,,,,,,139.0-071.0
-40.1571555555556,-19.94995,-41,-19,50,,,,,,139.0-071.0
-40.1571555555556,-19.94995,-41,-19,50,,,,,,139.0-071.0
-40.1571555555556,-19.94995,-41,-19,50,,,,,,139.0-071.0
-40.1571555555556,-19.94995,-41,-19,50,,,,,,139.0-071.0
-40.1571555555556,-19.94995,-41,-19,50,,,,,,139.0-071.0
-40.1571555555556,-19.94995,-41,-19,50,,,,,,139.0-071.0
-40.1571555555556,-19.94995,-41,-19,50,,,,,,139.0-071.0
-40.1571555555556,-19.94995,-41,-19,50,,,,,,139.0-071.0
-40.1571555555556,-19.94995,-41,-19,50,,,,,,139.0-071.0
-40.1571555555556,-19.94995,-41,-19,50,,,,,,139.0-071.0
-40.1571555555556,-19.94995,-41,-19,50,0.16,,,,,139.0-071.0
-40.1571555555556,-19.94995,-41,-19,50,0.65,,,,,139.0-071.0
-40.1571555555556,-19.94995,-41,-19,50,0.74,,,,,139.0-071.0
-40.1571555555556,-19.94995,-41,-19,50,0.75,,,,,139.0-071.0
-40.1571555555556,-19.94995,-41,-19,50,0.19,,,,,139.0-071.0
-40.1571555555556,-19.94995,-41,-19,50,0.44,,,,,139.0-071.0
,,-41,-19,50,,5.0904414103339,7.71886663220471,3.60210556437618,1,139.0-071.0
-40.1452333333333,-2.86856666666667,-41,-3,50,216.9,22,,,,139.0-087.0
-40.1337333333333,-2.84381666666667,-41,-3,50,188.62,15.72,,,,139.0-087.0
-40.0314,-2.84998333333333,-41,-3,50,132.02,22,,,,139.0-087.0
,,-41,-3,49,,,5.79196966896378,1.94052465672519,1,139.0-087.0
-37.7794833333333,-4.47705,-37,-5,50,94.28,25.14,,,,143.0-085.0
-37.7862833333333,-4.44888333333333,-37,-5,50,154,31.44,,,,143.0-085.0
-37.782075,-4.53914166666667,-37,-5,50,88,59.72,,,,143.0-085.0
,,-37,-5,44,,,2.99613284217797,1.45804385863935,1,143.0-085.0
48.5,-13.4333333333333,49,-13,50,84.16,61.53,,,,229.0-077.0
48.5,-13.4333333333333,49,-13,50,21.82,17.95,,,,229.0-077.0
48.5,-13.4333333333333,49,-13,50,6.75,7.69,,,,229.0-077.0
,,49,-13,49,,,6.33764364263711,2.62087569084422,1,229.0-077.0
58.481,23.62,59,23,50,62,44,,,,239.0-113.0
58.481,23.62,59,23,50,92,62,,,,239.0-113.0
58.481,23.62,59,23,50,266,110,,,,239.0-113.0
,,59,23,50,,,1.02232155731795,0.377217015140591,1,239.0-113.0
75.46,11.76,75,11,50,171.95,74.64,,,,255.0-101.0
75.46,11.76,75,11,50,176.02,82.64,,,,255.0-101.0
75.46,11.76,75,11,50,238.47,98.7,,,,255.0-101.0
,,75,11,50,,,4.22327433628319,1.74054552066917,1,255.0-101.0
79.8333333333333,8.25,79,9,50,85,,,,,259.0-099.0
79.8333333333333,8.25,79,9,50,57,,,,,259.0-099.0
79.8333333333333,8.25,79,9,50,240,,,,,259.0-099.0
79.8333333333333,8.25,79,9,50,193,,,,,259.0-099.0
79.8333333333333,8.25,79,9,50,172,,,,,259.0-099.0
79.8333333333333,8.25,79,9,50,71,,,,,259.0-099.0
,,79,9,46,,15.4576658219599,2.68592110866634,1.2325039037547,1,259.0-099.0
119.783333333333,25.5166666666667,119,25,9,5.545,5.486,,,,299.0-115.0
119.783333333333,25.5166666666667,119,25,9,8.417,7.649,,,,299.0-115.0
119.783333333333,25.5166666666667,119,25,9,19.238,17.191,,,,299.0-115.0
119.783333333333,25.5166666666667,119,25,9,,,,,,299.0-115.0
119.783333333333,25.5166666666667,119,25,9,,,,,,299.0-115.0
119.783333333333,25.5166666666667,119,25,9,,,,,,299.0-115.0
,,119,25,23,,,1.90071654373024,1.07289251844046,1,299.0-115.0
120.314166666667,23.9341666666667,121,23,50,152.4,99.7,,,,301.0-113.0
120.314166666667,23.9341666666667,121,23,50,61.4,98.1,,,,301.0-113.0
120.088888888889,23.1186111111111,121,23,50,104.3,84.2,,,,301.0-113.0
,,121,23,47,,,5.06044583341985,1.60662062780601,1,301.0-113.0
125.785,-8.50833333333333,125,-9,50,221.5,,,,,305.0-081.0
125.785,-8.50833333333333,125,-9,50,194.8,,,,,305.0-081.0
125.785,-8.50833333333333,125,-9,50,51.1,,,,,305.0-081.0
125.785,-8.50833333333333,125,-9,50,118.6,,,,,305.0-081.0
125.785,-8.50833333333333,125,-9,50,42.9,,,,,305.0-081.0
125.785,-8.50833333333333,125,-9,50,18.7,,,,,305.0-081.0
,,125,-9,49,,21.661344934552,5.58679992282462,2.33151774466298,1,305.0-081.0
153.136388888889,-27.4008333333333,153,-27,50,162,109,,,,333.0-063.0
153.136388888889,-27.4008333333333,153,-27,50,341,121,,,,333.0-063.0
153.136388888889,-27.4008333333333,153,-27,50,110,126,,,,333.0-063.0
,,153,-27,48,,,5.45034260393732,2.975492230775,1,333.0-063.0
-87.6405555555556,15.8741666666667,-87,15,50,298,,,,,093.0-105.0
-87.5958333333333,15.7852777777778,-87,15,50,154.8,,,,,093.0-105.0
-87.6333333333333,15.8911111111111,-87,15,50,232.2,,,,,093.0-105.0
-87.5780555555556,15.8222222222222,-87,15,50,744.4,,,,,093.0-105.0
-87.5952777777778,15.8222222222222,-87,15,50,527.4,,,,,093.0-105.0
,,-87,15,48,,128.427648665033,7.51763932809804,2.29570137690601,1,093.0-105.0
106,19.9333333333333,107,19,2,37,,,,,287.0-109.0
106,19.9333333333333,107,19,3,83.5,,,,,287.0-109.0
106,19.9333333333333,107,19,9,50.1,,,,,287.0-109.0
106,19.9333333333333,107,19,19,137.8,,,,,287.0-109.0
106,19.9333333333333,107,19,27,342.3,,,,,287.0-109.0
,,107,19,42,,16.2936057097233,3.38625429968016,0.84882746967594,1,287.0-109.0
-97.08,27.86,-97,27,50,13.4314,4.4802,,,,083.0-117.0
-97.08,27.86,-97,27,50,7.6471,14.3759,,,,083.0-117.0
,,-97,27,36,,,1.51029354207436,0.848414872798435,1,083.0-117.0
-87.6113888888889,13.4275,-87,13,50,356.6,,,,,093.0-103.0
-87.4705555555556,13.3669444444444,-87,13,50,44.8,,,,,093.0-103.0
-87.1836111111111,13.1144444444444,-87,13,50,104.4,,,,,093.0-103.0
-87.4755555555556,13.3675,-87,13,50,55.2,,,,,093.0-103.0
,,-87,13,49,,37.323445609917,4.25772132307249,0.976632602670431,1,093.0-103.0
-82.25,9.35,-83,9,50,59.5,,,,,097.0-099.0
-82.25,9.35,-83,9,50,22.2,,,,,097.0-099.0
-82.25,9.35,-83,9,50,8.3,,,,,097.0-099.0
-82.25,9.35,-83,9,50,194.3,,,,,097.0-099.0
,,-83,9,49,,45.692190802021,6.74329053572978,1.56751050430294,1,097.0-099.0
-82.95,22.8666666666667,-83,23,50,,,,,,097.0-113.0
-82.95,22.8666666666667,-83,23,50,,,,,,097.0-113.0
-82.7833333333333,22.6833333333333,-83,23,50,,7.58,,,,097.0-113.0
-82.7833333333333,22.6833333333333,-83,23,50,,5.54,,,,097.0-113.0
-82.775,22.708,-83,23,50,,17.1,,,,097.0-113.0
-82.775,22.708,-83,23,50,,10.8,,,,097.0-113.0
,,-83,23,50,74.7442202237617,,5.62241270520252,1.26501801684741,1,097.0-113.0
-77.2583333333333,3.83638888888889,-77,3,50,69.49,516,,,,103.0-093.0
-77.2063888888889,3.84222222222222,-77,3,50,109.18,877,,,,103.0-093.0
,,-77,3,50,,,6.51679933437521,3.06362362968025,1,103.0-093.0
100.1,13.05,101,13,50,102.3,,,,,281.0-103.0
100.1,13.05,101,13,50,206.93,,,,,281.0-103.0
100.1,13.05,101,13,50,67.68,,,,,281.0-103.0
100.1,13.05,101,13,50,2.5,,,,,281.0-103.0
,,101,13,48,,28.7635529849508,3.16311845011386,0.991967973751426,1,281.0-103.0
106.719983333333,-6.08716111111111,107,-7,50,1.40834,,,,,287.0-083.0
106.738458333333,-6.09974722222222,107,-7,50,2.103666,,,,,287.0-083.0
106.748025,-6.10065,107,-7,50,3.221226,,,,,287.0-083.0
106.759575,-6.10424722222222,107,-7,50,2.830348,,,,,287.0-083.0
,,107,-7,40,,7.20566035262521,1.65719075381966,0.791323884912547,1,287.0-083.0
116.616666666667,-20.7166666666667,117,-21,50,141.592920353981,46.1538461538461,,,,297.0-069.0
116.616666666667,-20.7166666666667,117,-21,50,56.6371681415929,20.1183431952662,,,,297.0-069.0
,,117,-21,50,,,1.52616014144517,0.658991552924274,1,297.0-069.0
118.616666666667,-20.3333333333333,119,-21,50,136.873156342182,56.8047337278107,,,,299.0-069.0
118.616666666667,-20.3333333333333,119,-21,50,130.973451327433,13.01775147929,,,,299.0-069.0
,,119,-21,50,,,1.66024309461896,0.62594618037858,1,299.0-069.0
120.298888888889,27.2777777777778,121,27,50,32.919,19.758,,,,301.0-117.0
120.202777777778,27.2661111111111,121,27,7,14.711,7.395,,,,301.0-117.0
,,121,27,12,,,1.64939334637965,0.965362035225049,1,301.0-117.0
151.162,-34.017,151,-35,7,2.47252747252745,,,,,331.0-055.0
151.162,-34.017,151,-35,37,25.2197802197801,,,,,331.0-055.0
151.162,-34.017,151,-35,50,37.5824175824176,,,,,331.0-055.0
151.162,-34.017,151,-35,50,148.351648351648,,,,,331.0-055.0
,,151,-35,49,,8.94742500324611,5.68240842314159,3.62094953281332,1,331.0-055.0
-90.25,20.7,-91,21,50,,9.3423854,,,,089.0-111.0
-90.25,20.7,-91,21,50,,11.3684715,,,,089.0-111.0
-90.25,20.7,-91,21,50,,30.55807,,,,089.0-111.0
,,-91,21,50,38.856806496335,,6.61433694994615,2.45291639044843,1,089.0-111.0
-88.1,16.8333333333333,-89,17,50,,,12.3984,,,091.0-107.0
-88.1,16.8333333333333,-89,17,50,,,2.9192,,,091.0-107.0
-88.1,16.8333333333333,-89,17,50,,,,1.81056,,091.0-107.0
,,-89,17,49,85.4392987268527,27.2519810886927,,,1,091.0-107.0
-81.764,26.074,-81,27,50,,153.96,,,,099.0-117.0
-81.764,26.074,-81,27,50,,67.04,,,,099.0-117.0
-81.764,26.074,-81,27,50,,61.85,,,,099.0-117.0
,,-81,27,50,77.7158874337799,,5.38862075666094,1.51757590584446,1,099.0-117.0
-80.7061111111111,28.5452777777778,-81,29,50,114,25,,,,099.0-119.0
-80.918,29.047,-81,29,50,8.64,,,,,099.0-119.0
,,-81,29,48,,,4.62438894476633,1.95179442138516,1,099.0-119.0
-79,1,-79,1,50,398,,,,,101.0-091.0
-80,0.5,-79,1,50,68,,,,,101.0-091.0
-80,0.166666666666667,-79,1,50,70,,,,,101.0-091.0
,,-79,1,50,,55.9396636697542,7.65996795907225,3.75575463644801,1,101.0-091.0
-77.2511111111111,4.11,-77,5,50,142.46,900,,,,103.0-095.0
-77.5,4.5,-77,5,50,229.91,,,,,103.0-095.0
,,-77,5,50,,,5.76804250962804,2.36599935000569,1,103.0-095.0
-69.6666666666667,19.1666666666667,-69,19,50,195.4,,,,,111.0-109.0
-69.6666666666667,19.1666666666667,-69,19,50,349.4,,,,,111.0-109.0
-69.6666666666667,19.1666666666667,-69,19,50,181.9,,,,,111.0-109.0
,,-69,19,50,,39.9376060933908,7.10289937067816,1.69101744969225,1,111.0-109.0
-67,18,-67,19,50,46.04,14.37,,,,113.0-109.0
-67,18,-67,19,50,,,8.23,,,113.0-109.0
,,-67,19,50,,,,2.85876163449299,1,113.0-109.0
-48.75,-26.2,-49,-27,50,11.68619,,,,,131.0-063.0
-48.75,-26.2,-49,-27,50,25.33181,,,,,131.0-063.0
-48.75,-26.2,-49,-27,50,5.60829,,,,,131.0-063.0
,,-49,-27,50,,14.1849099090128,7.61663476292086,4.45207733780724,1,131.0-063.0
-43.5747222222222,-23.0130555555556,-43,-23,50,,208.82,,,,137.0-067.0
-44,-23,-43,-23,50,63.5,8.2,,,,137.0-067.0
,,-43,-23,50,,,7.52274079665109,3.06411437116025,1,137.0-067.0
-34.8275,-7.81222222222222,-35,-7,50,2.76,,,,,145.0-083.0
-34.8275,-7.81222222222222,-35,-7,50,81.67,,,,,145.0-083.0
-34.8275,-7.81222222222222,-35,-7,50,20.53,,,,,145.0-083.0
,,-35,-7,50,,24.7897635875649,6.56776698212066,2.3685104979395,1,145.0-083.0
31.05,-29.8,31,-29,50,74.67,9.67,,,,211.0-061.0
31.05,-29.8,31,-29,50,19.82,,,,,211.0-061.0
,,31,-29,46,,,5.24428822658275,2.51188078489448,1,211.0-061.0
102.508333333333,6.86666666666667,103,7,50,,,,,,283.0-097.0
102.508333333333,6.86666666666667,103,7,50,,,,,,283.0-097.0
102.508333333333,6.86666666666667,103,7,50,,,,,,283.0-097.0
102.508333333333,6.86666666666667,103,7,50,,,,,,283.0-097.0
102.508333333333,6.86666666666667,103,7,50,,,,,,283.0-097.0
102.508333333333,6.86666666666667,103,7,50,,,,,,283.0-097.0
102.508333333333,6.86666666666667,103,7,50,,,,,,283.0-097.0
102.508333333333,6.86666666666667,103,7,50,,,,,,283.0-097.0
102.508333333333,6.86666666666667,103,7,50,2.66457,,,,,283.0-097.0
102.178611111111,6.213,103,7,50,227,20.81,,,,283.0-097.0
,,103,7,41,,,4.65207236521004,1.0330504669248,1,283.0-097.0
105.25,-5.51666666666667,105,-5,28,54.1,,,,,285.0-085.0
105.25,-5.51666666666667,105,-5,28,40.5,,,,,285.0-085.0
105.25,-5.51666666666667,105,-5,32,260,,,,,285.0-085.0
,,105,-5,44,,29.144202462277,4.79365200552078,0.760521559911307,1,285.0-085.0
110.45,-5.81666666666667,111,-5,50,3.2,,,,,291.0-085.0
110.45,-5.81666666666667,111,-5,50,63.3,,,,,291.0-085.0
110.45,-5.81666666666667,111,-5,50,175.2,,,,,291.0-085.0
,,111,-5,47,,17.8174465586062,5.8661411782319,1.07530803203833,1,291.0-085.0
117.91,24.39,117,25,20,93.37,69.26,,,,297.0-115.0
117.91,24.39,117,25,20,,,,3.21402,,297.0-115.0
,,117,25,14,,,6.42804,,1,297.0-115.0
119.9875,16.2023,119,17,8,18.21,,,,,299.0-107.0
119.9638,16.3711,119,17,11,43.29,,,,,299.0-107.0
119.9303,16.2432,119,17,18,115.62,,,,,299.0-107.0
,,119,17,44,,60.9872581633423,7.08593070104754,2.64769272092399,1,299.0-107.0
158.286,6.886,159,7,50,,13.68,,,,339.0-097.0
158.286,6.886,159,7,50,,26.4,,,,339.0-097.0
158.286,6.886,159,7,50,,4.49,,,,339.0-097.0
,,159,7,50,279.181002395099,,6.63895305128787,1.18357935927299,1,339.0-097.0
-85.9438888888889,16.4183333333333,-85,17,50,104,,,,,095.0-107.0
-85.8630555555555,16.4547222222222,-85,17,50,7.4,,,,,095.0-107.0
,,-85,17,50,,30.2030592148819,7.53004583044,1.65619847231867,1,095.0-107.0
-66.24,17.94,-67,17,50,,,1.575,,,113.0-107.0
-66.24,17.94,-67,17,50,,,2.1375,,,113.0-107.0
,,-67,17,48,37.5838617105764,9.0704535621602,,0.928125,1,113.0-107.0
-48.7,-25.4833333333333,-49,-25,50,,98.5,,,,131.0-065.0
-48.5666666666667,-25.8333333333333,-49,-25,50,,183.1,,,,131.0-065.0
,,-49,-25,50,56.865539329542,,7.80988403461444,4.65880071183648,1,131.0-065.0
-35.25,-5.79166666666667,-35,-5,50,85.96,21.5,,,,145.0-085.0
,,-35,-5,48,,,6.50811124305526,2.81739323126511,1,145.0-085.0
34.75,-20.1833333333333,35,-21,50,58.91,64.67,,,,215.0-069.0
,,35,-21,49,,,3.67992945682374,1.87045304326607,1,215.0-069.0
39.714,-9.988,39,-9,50,71.3,77,,,,219.0-081.0
,,39,-9,50,,,5.16597213060766,2.14727125152884,1,219.0-081.0
81.6661111111111,7.66805555555556,81,7,50,19,,,,,261.0-097.0
81.725,7.62777777777778,81,7,20,36,,,,,261.0-097.0
81.7138888888889,7.63611111111111,81,7,30,,,,,,261.0-097.0
,,81,7,49,,14.1317879167513,4.100510823609,1.67241358024691,1,261.0-097.0
99.852,6.753,99,7,50,92.24,87.51,,,,279.0-097.0
,,99,7,50,,,6.22698183170007,0.79481033470651,1,279.0-097.0
113.95,-21.9666666666667,113,-21,50,138.053097345132,15.3846153846153,,,,293.0-069.0
,,113,-21,49,,,1.71291095890411,1.05297945205479,1,293.0-069.0
114.116666666667,-22.3166666666667,115,-23,50,109.734513274336,37.8698224852071,,,,295.0-067.0
,,115,-23,49,,,1.46594814191838,0.616998053460928,1,295.0-067.0
118.717222222222,10.0508333333333,119,11,50,561.2,196.5,,,,299.0-101.0
,,119,11,50,,,6.89728820361207,1.44126115766802,1,299.0-101.0
121.458888888889,25.1352777777778,121,25,50,81.7,33.5,,,,301.0-115.0
,,121,25,48,,,2.64502014504432,1.39361804995971,1,301.0-115.0
-80.5,-0.5,-81,-1,50,250,,,,,099.0-089.0
,,-81,-1,35,,28.8150389080378,4.87286184116453,2.2180850516201,1,099.0-089.0
32.6381944444444,-25.9166666666667,33,-25,50,9.18,,,,,213.0-065.0
,,33,-25,48,,24.2401547986213,3.7402185899478,2.02189248576633,1,213.0-065.0
106.990494444444,-5.93850833333333,107,-5,50,4.120634,,,,,287.0-085.0
,,107,-5,25,,4.01573558853738,3.38988190836089,0.922153991497402,1,287.0-085.0
115.233333333333,4.93333333333333,115,5,15,116.79,,,,,295.0-095.0
,,115,5,49,,79.601081541117,7.37893414334738,1.26652356806071,1,295.0-095.0
119.9234,15.4937,119,15,50,150.66,,,,,299.0-105.0
,,119,15,47,,27.8454671267595,4.88760499774199,1.89547493602288,1,299.0-105.0
,,-179,-19,50,139.986690852985,50.8891766757623,7.46872236838126,0.995871662281895,,001.0-071.0
,,-179,-17,49,133.486629182676,47.9306738523111,8.25215573179524,3.31555099550774,,001.0-073.0
,,-177,-13,50,190.953977457565,76.1719189494338,6.85771689497717,0.465205479452055,,003.0-077.0
,,-175,-21,49,87.6577635422455,26.9651333885439,6.73042562553167,2.50563433164178,,005.0-069.0
,,-175,-19,49,53.3387415254636,13.9793046879215,6.66156978896705,1.78489448352462,,005.0-071.0
,,-173,-19,50,67.9720997173518,19.46018402183,7.59394790029194,1.65000673703121,,007.0-071.0
,,-173,-13,47,198.080761057998,79.5401559543022,5.95146575342466,1.57765753424658,,007.0-077.0
,,-171,-15,49,201.047959383625,81.2581549387675,7.01193631988153,1.45897815623843,,009.0-075.0
,,-171,-13,50,192.358084309181,76.8129055108513,7.03887853881279,2.37348310502283,,009.0-077.0
,,-171,-3,50,24.328895196826,4.93178813803034,5.06044583341985,1.60662062780601,,009.0-087.0
,,-159,-19,50,42.2269997958973,10.2372506289371,6.31132420091324,3.03972602739726,,021.0-071.0
,,-159,21,50,86.0661340641499,26.4961446288005,6.73999205876514,3.56334325987691,,021.0-111.0
,,-157,21,50,88.2182621461319,27.5516874886138,5.72999943159211,2.78961518785881,,023.0-111.0
,,-155,19,50,56.7659501362302,15.2876360871457,3.32301369863014,2.14301369863014,,025.0-109.0
,,-151,-17,50,59.950861070868,16.5515872613176,8.19469015003262,2.84547075451185,,029.0-073.0
,,-149,-17,46,38.3536720329292,9.143164993568,8.7037100456621,3.62406392694064,,031.0-073.0
,,-113,25,45,62.5434938226753,18.0664953102305,3.40548553071606,1.6696023275815,,067.0-115.0
,,-113,27,40,40.2744741428988,9.9148198461357,2.12372248347305,1.12309710011586,,067.0-117.0
,,-113,29,50,61.0317375286946,17.0122944363389,2.0341300655566,0.919912697026937,,067.0-119.0
,,-111,25,46,54.2338614093415,14.7536827391523,3.61090822973524,1.85835456654293,,069.0-115.0
,,-111,27,46,63.2303316071056,18.0781673885994,1.79871298780775,0.8785488553092,,069.0-117.0
,,-111,29,48,66.0955275241539,19.121228517167,0.990426342392499,0.413719141454839,,069.0-119.0
,,-109,25,48,79.8056786809086,24.0988526292998,3.58951365799382,1.10174653069718,,071.0-115.0
,,-109,27,48,65.1173977313533,18.6031628601633,1.53878427478504,0.747000801155469,,071.0-117.0
,,-107,23,45,68.2466391677783,19.6658963414695,3.57217709224601,1.79382857877077,,073.0-113.0
,,-107,25,48,71.6101281579507,20.7704699409926,3.5463926113312,1.34565027922295,,073.0-115.0
,,-105,19,49,84.3994908931083,26.0238690514866,5.7366780750911,2.16851984923838,,075.0-109.0
,,-105,21,50,94.1989577013688,29.9902132792726,4.54220225729343,1.64278423617809,,075.0-111.0
,,-105,23,49,78.5064039234934,23.4688135451892,4.40070987180582,1.05598765698206,,075.0-113.0
,,-103,17,50,153.558477182609,58.1038678445126,6.75580123556272,2.24389828990957,,077.0-107.0
,,-103,19,50,114.42162986892,39.5015791155568,6.34353559763495,1.75617719773523,,077.0-109.0
,,-101,17,49,127.161787426893,46.6526540983641,5.23717323837658,2.17780169515309,,079.0-107.0
,,-99,17,48,92.4198704960542,30.9841766966695,4.54384710031991,1.70862097722364,,081.0-107.0
,,-99,23,48,45.5994695884087,11.3541730636298,3.27407045009785,1.63428082191781,,081.0-113.0
,,-97,15,49,122.064336274483,42.3685294260572,5.64770615566789,2.04228554941785,,083.0-105.0
,,-97,17,48,117.013940311633,41.2398808279835,5.57085335122485,1.64296488438314,,083.0-107.0
,,-97,19,49,150.740536257786,55.9269456596059,5.27829616902717,1.98515049918737,,083.0-109.0
,,-97,21,50,104.896589936371,34.6232274404861,6.06236214080546,2.00721497940611,,083.0-111.0
,,-97,23,48,57.6580446423383,15.6617697212271,4.67177666166766,1.71100748509523,,083.0-113.0
,,-97,25,45,53.4515799508376,14.021933755849,1.01214611872146,0.573318112633181,,083.0-115.0
,,-95,15,48,76.2833842118378,23.6243660885124,4.07730986724727,2.0427491003659,,085.0-105.0
,,-95,17,47,98.2073328432045,33.2480860255745,4.75014166525361,2.1192326881034,,085.0-107.0
,,-95,19,50,148.060519324789,54.1490938328004,6.03361436588648,0.910003261939838,,085.0-109.0
,,-93,17,46,160.478255393596,63.5114958732643,3.60755697704826,1.59618128055036,,087.0-107.0
,,-91,-1,49,90.8018797627474,29.8515673851575,4.49101175309072,2.56433593948501,,089.0-089.0
,,-91,1,48,86.3686451048221,26.6595393314422,1.71856164383562,1.02952054794521,,089.0-091.0
,,-91,13,49,155.344182648253,60.4915140893848,6.39828158207496,2.0303278664471,,089.0-103.0
,,-91,15,49,164.592141480621,66.7170066397025,5.25510126941961,1.95579386634419,,089.0-105.0
,,-91,29,40,63.2091202364454,17.7928212316165,4.04340204100395,1.46775581502252,,089.0-119.0
,,-89,-1,50,60.3882750270581,16.6329237885239,2.19950754291659,1.26953355297382,,091.0-089.0
,,-89,13,50,106.263843990315,35.647265689582,6.38941712180023,1.07749813825624,,091.0-103.0
,,-89,15,45,98.6579317820396,32.9452926651,6.76944851966416,2.60384357048166,,091.0-105.0
,,-89,19,50,49.476194647744,13.3572368638052,4.46099936169887,1.56721284093689,,091.0-109.0
,,-89,21,49,42.7984000380345,10.6033860851771,5.79188720920807,1.90540935223891,,091.0-111.0
,,-89,29,42,40.9618183607641,9.92863445509304,3.22957077625571,1.62248140900196,,091.0-119.0
,,-87,11,49,31.269041586467,7.85675663553314,4.03332393231265,1.6886655922643,,093.0-101.0
,,-87,21,50,50.716067197239,13.6615426961306,4.99220541650602,1.72090132422714,,093.0-111.0
,,-85,9,49,144.916476325346,53.9390869042509,7.0227678093911,1.99806314282244,,095.0-099.0
,,-85,11,49,134.296613718496,48.8374955388323,5.96803662784005,1.31998669490096,,095.0-101.0
,,-85,15,49,127.032852400632,46.3708260071984,6.82950495984884,1.86328459323144,,095.0-105.0
,,-85,21,50,94.7938292705325,30.2116138900437,6.91931202435312,1.45498828006088,,095.0-111.0
,,-85,23,50,100.226921088474,32.3636783129626,6.04799048905464,1.23500081681768,,095.0-113.0
,,-83,11,48,36.6868460860804,8.73224006752173,5.95279976474625,1.40506971843066,,097.0-101.0
,,-83,13,49,93.5345808964058,30.3651201664027,5.67057113329021,1.47580892349395,,097.0-103.0
,,-83,15,49,86.2953284794619,27.6949968252577,6.32638249761485,1.52666887001905,,097.0-105.0
,,-83,21,50,59.2897720954974,16.497130343831,5.38157389148783,1.47619375275336,,097.0-111.0
,,-83,29,48,81.7332163214836,24.7670301788246,4.03763575627314,1.73877152549395,,097.0-119.0
,,-81,-5,35,32.1324577090215,7.224779336681,2.31901065449011,1.36622146118721,,099.0-085.0
,,-81,-3,48,97.9603325428104,31.716651300717,5.49621874252149,2.19941306349897,,099.0-087.0
,,-81,7,50,199.360920648718,81.1494885959333,6.20870852634642,1.34813900822349,,099.0-097.0
,,-81,9,50,199.488849540202,85.754147832276,6.31241249026539,1.61202694497788,,099.0-099.0
,,-81,13,49,15.9312119519573,2.8965201858644,6.17180286569044,0.910127538970241,,099.0-103.0
,,-81,19,50,123.424613016761,43.0403467921424,6.61338892488128,0.864260200503597,,099.0-109.0
,,-81,21,48,54.7120194793652,14.9947264937784,3.806252376193,1.51563329217865,,099.0-111.0
,,-81,23,49,47.9012582840258,12.5724724821171,5.20226543860623,1.16746626646773,,099.0-113.0
,,-79,-3,49,109.389944344909,36.5122439731587,6.9236609803009,2.54685039661773,,101.0-087.0
,,-79,3,50,132.535218383126,47.1071070834835,6.69148952856618,2.99896494835928,,101.0-093.0
,,-79,7,50,98.0220098018583,31.4161468455423,6.52389603625189,1.51773581957394,,101.0-097.0
,,-79,9,50,165.825452285119,64.6525399726417,6.10254081761433,1.56360234509568,,101.0-099.0
,,-79,19,50,120.714687115535,42.1839889976413,6.76154337111587,1.45546656896002,,101.0-109.0
,,-79,21,49,48.8787443507445,12.9245604795457,4.61242874561234,0.98663455496546,,101.0-111.0
,,-79,23,50,47.9387327362098,12.3093019870582,4.88004358670793,1.02721759849712,,101.0-113.0
,,-79,25,50,35.3644520645243,8.31648101410045,2.13909458113456,1.12596804676059,,101.0-115.0
,,-79,27,50,55.7424758928408,15.0135604071019,1.86984386677535,0.983674583588287,,101.0-117.0
,,-77,7,50,78.8870963949023,24.4965245283408,6.35195947115528,2.064472677351,,103.0-097.0
,,-77,9,48,92.2576312279955,32.8718736919463,5.5484408687542,1.05882481492937,,103.0-099.0
,,-77,17,50,58.1995982981275,16.6437615874479,5.98647933146375,1.47819462369178,,103.0-107.0
,,-77,19,49,68.3644333319995,21.6306737491083,5.77084638231972,1.71035110688822,,103.0-109.0
,,-77,21,50,50.2110611718614,13.2141120605634,4.57714563978138,1.2023035555285,,103.0-111.0
,,-77,23,50,34.6822119319822,8.09576505684316,2.2706720940461,1.13816700279788,,103.0-113.0
,,-77,25,50,34.3758081650528,8.06941498292639,2.44093609942316,1.13133851645628,,103.0-115.0
,,-77,27,50,54.9038085958979,14.8530783035212,2.46781028505321,1.26179391205382,,103.0-117.0
,,-75,9,49,191.1363753894,78.4399840639998,5.5893728068088,0.707048462342987,,105.0-099.0
,,-75,11,48,114.07915904448,39.9727454573511,5.14012604752816,0.956314181105527,,105.0-101.0
,,-75,19,49,60.4603805168246,17.3292741422808,3.46161660852548,1.48183187271335,,105.0-109.0
,,-75,21,50,57.9031844789326,16.13000413095,5.50601102974856,1.75916309899698,,105.0-111.0
,,-75,23,50,25.4283595889199,5.45002752354958,3.5315374258389,1.50234579268769,,105.0-113.0
,,-75,25,50,28.3749721448589,6.20341338616502,4.54393848347507,1.59732596628813,,105.0-115.0
,,-73,9,50,57.2611948082089,15.5731708641604,7.29411329137357,2.02319141058867,,107.0-099.0
,,-73,11,50,59.87772160833,16.6904713008277,5.60876903918,1.9953194750455,,107.0-101.0
,,-73,19,49,57.8002218347529,15.9991666147592,4.93832522939693,1.67039405893743,,107.0-109.0
,,-73,21,50,14.7347520065645,2.63212669826605,2.35799451014063,1.2261312102408,,107.0-111.0
,,-73,23,49,17.1689983235143,3.2443240437573,2.31330184222957,1.19037211987614,,107.0-113.0
,,-71,9,46,50.9813206945424,14.7577868424207,5.67870332822314,1.07134216903219,,109.0-099.0
,,-71,11,50,87.9999979739136,28.708632771584,4.86183342573936,0.655993343584171,,109.0-101.0
,,-71,13,50,34.5191159682482,8.18456871627695,1.62599755865998,0.77479955823371,,109.0-103.0
,,-71,17,50,86.4511649372661,27.8007291165598,7.38995222330155,1.96108492093386,,109.0-107.0
,,-71,21,49,13.2076334663874,2.29425467705859,2.14644300582997,1.17516322370001,,109.0-111.0
,,-69,11,50,30.9790264806125,7.06178474182484,4.62964195873467,1.94346779974714,,111.0-101.0
,,-69,13,50,30.086378643264,6.73232183131508,3.64724642142527,1.93603201477605,,111.0-103.0
,,-67,11,50,37.871721024167,9.27490846572937,5.89090239558644,2.08757214210153,,113.0-101.0
,,-65,11,47,37.9891489064439,9.27024527416939,6.05956170411562,1.95027062706271,,115.0-101.0
,,-65,17,47,69.6724771621549,20.8376159765554,6.01759800120617,2.37248384595503,,115.0-107.0
,,-65,19,50,93.9173486649389,30.1425204593246,7.83795165635791,2.51181927421293,,115.0-109.0
,,-65,33,50,25.2989768469087,5.2639101553518,3.9851095890411,2.29269863013699,,115.0-123.0
,,-63,9,49,120.094760015868,43.8451091604102,7.17692525013681,1.84819791462426,,117.0-099.0
,,-63,11,50,87.8572743209493,28.4936693214617,7.28801584973959,1.50502608434175,,117.0-101.0
,,-63,17,50,50.7400550023879,13.5036809916483,5.21157260273973,2.74504109589041,,117.0-107.0
,,-63,19,47,52.8501001720019,13.9009517215191,3.42479452054795,1.92068493150685,,117.0-109.0
,,-61,9,47,166.200323262834,65.8579852712352,7.62157990729147,1.73794340354421,,119.0-099.0
,,-61,11,49,116.51702839091,40.3184709189168,7.201317964945,1.85882531022785,,119.0-101.0
,,-61,13,49,74.670997473783,23.0837477888204,6.42389382307191,2.34435646545236,,119.0-103.0
,,-61,15,49,66.4648003605254,19.8478437266794,7.64675089930248,2.9391064627977,,119.0-105.0
,,-61,17,49,60.2816473631508,16.8985670571453,7.68361639169606,2.9722055844373,,119.0-107.0
,,-59,7,44,129.525959229146,50.9188376879134,7.47008304578664,1.07956200804398,,121.0-097.0
,,-59,9,48,156.079375433718,60.7722445156144,7.96478792289589,1.93273459074152,,121.0-099.0
,,-59,13,41,80.2795446064841,24.1289482136575,3.52821917808219,1.99890410958904,,121.0-103.0
,,-57,5,43,105.425692794236,36.7372499178042,6.95575057308336,1.73784277029047,,123.0-095.0
,,-57,7,42,70.3163313375982,21.3737763734558,5.76778761495055,1.46413131891527,,123.0-097.0
,,-55,5,43,146.272436204102,56.8305559336927,8.18620364732192,2.54486082672058,,125.0-095.0
,,-55,7,13,16.4754613611669,3.00662673424103,5.06044583341985,1.60662062780601,,125.0-097.0
,,-51,-1,38,25.6582911013375,5.39349863643881,5.91305692541857,0.306682496194825,,129.0-089.0
,,-51,1,46,57.1921392572776,16.1125935883624,7.41616960064304,1.9916747437905,,129.0-091.0
,,-51,3,50,53.4086707842777,14.6930407020821,7.15206740251249,1.7132844689905,,129.0-093.0
,,-51,5,44,98.8851846891471,34.508893304967,7.88177270317775,1.86036691962168,,129.0-095.0
,,-49,-1,43,104.699854501186,40.5995476768416,6.80317122395863,1.7294649562854,,131.0-089.0
,,-49,1,34,61.7183267999557,18.2159951534138,7.12618945923271,1.2542181562486,,131.0-091.0
,,-47,-25,49,79.6911064887832,24.2941168251535,7.72965278531918,4.23042147377058,,133.0-065.0
,,-47,-23,50,86.7828344900072,27.1388295606605,7.89995564666492,3.94517750212592,,133.0-067.0
,,-47,-1,50,143.037521209673,52.6999367467113,6.99112572213681,1.27369495459483,,133.0-089.0
,,-45,-23,50,77.9339837969519,23.4581866437582,8.28459463671006,4.2260183309487,,135.0-067.0
,,-45,-3,49,124.646103871628,43.6800263077361,6.17405700985204,1.3522773469145,,135.0-087.0
,,-45,-1,49,105.449689541567,35.145075175442,6.43149048706834,1.17504783568962,,135.0-089.0
,,-43,-3,49,113.178135931647,39.0479721942791,5.90274405007299,1.64706824913179,,137.0-087.0
,,-41,-23,50,72.1564878325091,20.9450955441113,5.93541412012645,3.50831822971549,,139.0-067.0
,,-41,-21,49,38.8384143082904,9.46961571742712,7.6309343118984,3.5143087283137,,139.0-069.0
,,-39,-19,49,49.5032268111176,12.916519098231,6.59108950379938,2.55492525057675,,141.0-071.0
,,-39,-17,50,44.4496904286939,11.3501678672275,6.72079103768383,2.60631087353445,,141.0-073.0
,,-39,-15,50,57.3651192197513,15.7271034936514,8.27933848528142,3.01186308627921,,141.0-075.0
,,-39,-13,49,54.6760816957171,14.8089731779421,7.18844994601215,2.79810456408723,,141.0-077.0
,,-39,-5,46,91.5971279429191,29.652597830103,3.34597758405978,1.85449564134496,,141.0-085.0
,,-39,-3,48,121.674488512351,42.6127492151173,5.87693167544784,2.70332754478398,,141.0-087.0
,,-37,-13,49,41.2103977004283,10.3525073024175,7.54908610351754,2.89966017731193,,143.0-077.0
,,-37,-11,50,102.417753690451,34.3424218769448,6.47100858609716,2.65845217646469,,143.0-079.0
,,-37,-9,50,41.2387583119319,10.3603107800829,10.106612223393,4.4590990516333,,143.0-081.0
,,-35,-9,49,41.2116583798146,10.5754639171111,7.66444867472078,2.75927535089866,,145.0-081.0
,,-17,11,50,95.437225914426,30.5422891961519,3.66053097539158,1.10402278135396,,163.0-101.0
,,-17,13,49,87.7860450787583,28.0588171842448,2.11071808634743,0.718563072553444,,163.0-103.0
,,-17,15,47,45.6234926008942,11.9800142068194,1.6493223626407,0.566872357943714,,163.0-105.0
,,-17,17,45,53.035617348929,14.5636254881719,0.987319382581169,0.345328178838558,,163.0-107.0
,,-17,19,20,19.9657901510675,3.79940124022195,0.440821917808219,0.238356164383562,,163.0-109.0
,,-15,9,50,64.6924836911455,18.1882768340632,5.06044583341985,1.60662062780601,,165.0-099.0
,,-15,11,49,112.965939138129,38.8862173932191,3.02440462379627,0.857508719074493,,165.0-101.0
,,-15,13,49,90.3397433719128,28.6590524474261,1.87786952078776,0.401885684686052,,165.0-103.0
,,-13,7,50,125.674217132214,44.2103926324767,4.83407391595967,0.957433633282021,,167.0-097.0
,,-13,9,50,95.9608382298462,32.115313759664,3.68424774692608,0.936850720639266,,167.0-099.0
,,-13,11,50,115.140208260092,39.023354638894,3.65837423429482,0.958176167015102,,167.0-101.0
,,-11,5,50,98.9812669843629,32.2640962407408,4.36991049319612,1.46794293373316,,169.0-095.0
,,-11,7,49,96.9180696600947,31.8518475350315,3.91210389571268,1.20632407539895,,169.0-097.0
,,-9,5,50,82.5038575089788,25.1710487842369,4.94700697813196,1.53621872887458,,171.0-095.0
,,-7,5,50,77.9139143164949,23.316251185103,5.22504066319858,1.647024620821,,173.0-095.0
,,-5,5,49,61.0645748888973,17.0458371471305,5.06545215896661,1.8932536069587,,175.0-095.0
,,-3,5,50,102.444534829182,33.2546198775434,5.55735960598553,2.02945453997756,,177.0-095.0
,,-1,5,48,67.8174666298171,19.5000581562736,3.48466846963372,1.43971720853666,,179.0-095.0
,,1,5,40,53.0219046171586,13.989961572908,2.61236396218952,1.1708516813947,,181.0-095.0
,,1,7,44,56.1377145241164,15.1083047386393,3.3609422183153,1.25585769052328,,181.0-097.0
,,3,7,49,97.7827786799717,31.8713751157761,3.92256157911217,0.849586172272825,,183.0-097.0
,,5,5,50,127.999985674099,45.1066194938213,3.31250777403625,0.82919729406405,,185.0-095.0
,,5,7,48,138.53382194367,49.5212132206678,3.49787387454602,1.08949572733837,,185.0-097.0
,,7,1,50,68.8486188378009,19.6109961463288,6.08463216641299,2.43054287163876,,187.0-091.0
,,7,5,50,100.453176898102,32.7315664638492,3.19153340184691,0.626247680588698,,187.0-095.0
,,9,-3,49,92.9465214942632,29.8789224136642,4.96422494592646,2.0498774333093,,189.0-087.0
,,9,-1,50,104.724415969646,34.7474108402384,4.40878285582457,1.33877714193078,,189.0-089.0
,,9,1,50,152.326304583206,56.7464589755559,4.71186762921186,1.30270866042629,,189.0-091.0
,,9,3,50,153.9817196257,57.3358585094375,3.92820424973496,0.853680751349441,,189.0-093.0
,,9,5,50,184.402619020068,72.8447176494855,3.71086802541901,0.653189086718557,,189.0-095.0
,,11,-5,50,68.0861736085883,19.4497327654594,4.53813936052233,1.8197925680636,,191.0-085.0
,,11,-3,49,73.5591813631422,22.3887729774875,4.70487283487666,2.00379088968819,,191.0-087.0
,,13,-11,50,57.1448340771714,15.551082893488,4.73835659335945,1.87102110561386,,193.0-079.0
,,13,-9,50,102.595980289995,33.570837395784,6.86118918092242,2.65954683096284,,193.0-081.0
,,13,-7,50,68.5418333009502,20.1206930851595,4.52466906122934,1.55359464176218,,193.0-083.0
,,13,-5,50,62.8919369476135,17.6266269398696,5.17886497268779,1.91600123214057,,193.0-085.0
,,27,-33,40,36.1328693933315,8.43712687488685,4.19730667255855,2.54711886875829,,207.0-057.0
,,29,-33,46,64.9690196722796,18.1590568047475,5.2302801992528,2.66831257783313,,209.0-057.0
,,29,-31,49,77.6382192351135,23.0759482143562,6.82858229009635,3.36595792095432,,209.0-059.0
,,31,-31,49,68.2207172595743,19.347980233771,4.50148898153663,2.74116339090729,,211.0-059.0
,,33,-29,45,145.796210404698,54.2207913815326,6.20425356708186,2.75283010073284,,213.0-061.0
,,33,-27,49,92.3954219820286,29.5334251412356,3.21379870886475,1.79873582113053,,213.0-063.0
,,33,27,50,12.0389289469188,2.17036609839475,0.597808219178082,0.203835616438356,,213.0-117.0
,,35,-23,50,67.602472920857,19.317523265208,5.60970712270599,2.60372509670477,,215.0-067.0
,,35,-19,49,123.69882205758,43.2474012558205,5.69693449847222,1.80501134648053,,215.0-071.0
,,35,23,50,5.72860427289965,0.816638115378921,0.25351598173516,0.0882191780821918,,215.0-113.0
,,35,25,50,5.35850533888053,0.716512811118049,0.655890410958904,0.27041095890411,,215.0-115.0
,,35,27,38,7.84443884461782,1.17410529084779,0.509912826899128,0.250112079701121,,215.0-117.0
,,35,29,49,6.74878208625597,0.918791345798014,0.441369863013699,0.147808219178082,,215.0-119.0
,,37,-17,49,154.701866484798,57.4592416989324,4.21486073495295,1.80710838665598,,217.0-073.0
,,37,19,49,17.6189027600091,3.50714115998212,0.470821917808219,0.198984689766318,,217.0-109.0
,,37,21,50,8.0148429629744,1.20668468302385,5.06044583341985,1.60662062780601,,217.0-111.0
,,37,25,48,39.524621997202,9.60151096305341,1.7316162712997,0.844873037086535,,217.0-115.0
,,37,27,47,13.6927402032772,2.4024422788273,0.259794520547945,0.0975342465753425,,217.0-117.0
,,39,-17,50,115.216602061156,39.1818292061093,5.36383200023425,2.11191325502291,,219.0-073.0
,,39,-11,49,74.0143668372935,21.8097581741325,4.82663727587552,2.46482875727383,,219.0-079.0
,,39,-7,49,122.337892655409,42.8441202846675,6.24201025707909,1.98360759418901,,219.0-083.0
,,39,-3,50,83.4110083912933,25.4491018246345,5.0396969406683,2.03564343502077,,219.0-087.0
,,39,15,49,8.59446441749896,1.66064348729018,0.490843903263995,0.174165398274987,,219.0-105.0
,,39,17,50,16.8288599803273,3.36612828053428,1.2598333772392,0.524832718651212,,219.0-107.0
,,39,19,50,42.1211641428561,11.545160176395,0.694846480869154,0.254624468587624,,219.0-109.0
,,39,21,49,49.4886177791259,14.1317751040871,0.342465753424658,0.150684931506849,,219.0-111.0
,,39,23,46,21.5285640957737,4.91722177169653,0.637846008502598,0.234076523382145,,219.0-113.0
,,39,25,21,7.49927372713706,1.08623633432912,0.351780821917808,0.0934246575342466,,219.0-115.0
,,41,-23,50,119.495226707729,41.0441267318339,6.78714175104229,3.36123466349017,,221.0-067.0
,,41,-17,49,132.210535295131,46.4379091967996,2.58243558468179,1.40541261890671,,221.0-073.0
,,41,-15,50,84.1899514406094,25.754706182301,5.34524728818418,2.21188514573653,,221.0-075.0
,,41,-13,50,83.2384038568434,25.6435542636408,5.24260293496567,2.21373535574205,,221.0-077.0
,,41,-11,50,104.985252556516,34.5691829943573,5.8934723928195,2.29316026485278,,221.0-079.0
,,41,-3,49,49.4196913968479,13.3787652079039,4.86725817310459,1.89792353811134,,221.0-087.0
,,41,-1,49,39.9198855517643,10.0743908261043,4.98089991366234,1.95109559844787,,221.0-089.0
,,41,15,50,13.8563662346674,2.75428052516339,1.53477734117089,0.569568913019788,,221.0-105.0
,,41,17,49,37.788098596444,9.7429050000169,1.12076198630137,0.474200556506849,,221.0-107.0
,,41,19,50,27.9640258924542,6.62688035318842,1.14798758798153,0.504456217361689,,221.0-109.0
,,41,21,47,26.7452226080356,5.95293176800365,0.51065001343003,0.160480795057749,,221.0-111.0
,,43,-23,49,85.6945977082532,26.9585965952265,3.61216504506491,2.06007579724925,,223.0-067.0
,,43,-21,50,61.5823346336867,17.4627689427387,3.62709209744992,1.38656293212737,,223.0-069.0
,,43,-17,45,28.0045504265606,6.3623960746238,3.90589910955584,1.82005066434704,,223.0-073.0
,,43,-13,50,81.86971138615,25.3593159959809,8.30085879873551,2.90524762908325,,223.0-077.0
,,43,-11,41,59.8003682882453,16.6413354709176,4.49315068493151,2.34027397260274,,223.0-079.0
,,43,-1,50,38.3627745123434,9.28771667006762,4.01758240759672,1.9847824802926,,223.0-089.0
,,43,11,46,32.2643330776891,9.37545979635302,1.58865522853655,0.698567747185678,,223.0-101.0
,,43,13,50,14.2642021982664,3.04344699279401,2.19837404925218,0.900542638706,,223.0-103.0
,,43,15,48,29.3025178973366,7.31597003473783,1.37038249421811,0.629421415722786,,223.0-105.0
,,43,17,48,27.498725266074,6.45538033487132,0.841453869570308,0.270485891581782,,223.0-107.0
,,45,-25,48,100.472252870995,32.5117192738264,2.10902956020187,1.21927901946647,,225.0-065.0
,,45,-21,50,114.18649527368,38.994432836783,3.12845410652057,1.54610445723802,,225.0-069.0
,,45,-19,49,78.5713418005891,24.5297090192748,4.18390032823111,1.68235902312096,,225.0-071.0
,,45,-17,49,82.4520466481388,25.7533204438308,3.66583634071933,1.79912255398402,,225.0-073.0
,,45,-15,49,95.0705863833803,30.8380206829052,5.43117783421877,1.46093063142945,,225.0-075.0
,,45,-13,49,75.3455509494243,22.8674632369744,6.60380278501076,2.6827397260274,,225.0-077.0
,,45,11,48,1.96869713442847,0.183965783813024,1.65400684931507,0.762667971298108,,225.0-101.0
,,47,-17,47,134.11123126417,48.7757143767551,2.63925427714739,1.38496207889941,,227.0-073.0
,,47,-13,50,54.8069762303751,15.9870364543171,5.7946168960936,2.48320862779248,,227.0-077.0
,,47,-9,50,25.9120699649075,5.59722828424278,6.17437190323521,2.06376275138444,,227.0-081.0
,,49,-17,50,82.7524406355609,25.4686949186459,8.02922753367817,3.19054510316603,,229.0-073.0
,,49,-15,50,104.287725478753,35.1311064469159,4.71339111888547,2.11465197124914,,229.0-075.0
,,49,-11,50,30.8554977606866,6.95234202083189,5.85271232876712,3.0919202988792,,229.0-079.0
,,49,27,49,23.2554851606256,4.90883935822059,0.600572851805729,0.0836363636363636,,229.0-117.0
,,51,-15,50,119.155907036449,40.7526642307854,8.7533863366075,3.59435757388891,,231.0-075.0
,,51,11,48,19.5178344037229,3.74092222921416,1.19273311289561,0.587196976854039,,231.0-101.0
,,51,25,47,35.8948224188626,8.71346142433066,1.67969412647776,0.494015762807281,,231.0-115.0
,,51,27,48,23.6344125526972,5.03913557047248,1.28998754669988,0.298430884184309,,231.0-117.0
,,53,-5,50,16.3984023165774,3.15608831204896,1.51735159817352,0.812511415525114,,233.0-085.0
,,53,13,12,11.7337660430042,1.89434527874615,1.40616438356164,0.841996086105675,,233.0-103.0
,,55,-5,49,14.1157160669668,2.85753624182827,6.99250933997509,1.3347198007472,,235.0-085.0
,,55,17,37,51.5096163453836,13.5700571570058,1.2603196347032,0.691095890410959,,235.0-107.0
,,55,27,49,56.5656313158486,15.3186572999336,1.002516222062,0.181274116798846,,235.0-117.0
,,57,-21,48,88.5367746523987,27.8680174971792,6.03584474885845,2.78136725375082,,237.0-069.0
,,57,-19,50,73.5515633397756,21.2657315721584,5.99041095890411,3.2827397260274,,237.0-071.0
,,57,27,45,50.3490589896216,13.4403353204899,1.02861306984056,0.317476532674601,,237.0-117.0
,,59,25,49,41.7972332507136,10.4821289491836,1.56353801277554,0.660946719344238,,239.0-115.0
,,61,25,48,41.1487312881634,10.3401601979586,5.06044583341985,1.60662062780601,,241.0-115.0
,,63,25,33,41.472859293343,10.5313226389506,5.06044583341985,1.60662062780601,,243.0-115.0
,,65,25,38,41.5953916952477,10.3604891630628,1.00774333093007,0.3166258111031,,245.0-115.0
,,67,23,47,87.4461661251162,26.8699347814136,2.14937160471642,0.967206364126453,,247.0-113.0
,,67,25,49,79.7850620527812,24.0537584193163,1.97924059128916,0.777318658925135,,247.0-115.0
,,69,21,49,52.243700938316,13.6388077463804,1.61479452054795,0.912328767123288,,249.0-111.0
,,69,23,49,70.36310674947,20.4875215617412,1.53016060491159,0.738304701364622,,249.0-113.0
,,69,25,49,64.4581478957581,17.9302927536683,1.1100326971983,0.446874959929904,,249.0-115.0
,,71,21,38,71.3660494631006,21.4331388557177,1.89359903842485,0.926204449192964,,251.0-111.0
,,71,23,38,54.421876487363,15.0176075171742,1.95003672577528,0.881815614757543,,251.0-113.0
,,73,-1,50,78.2905411549967,23.1580678384492,3.76561643835616,1.03301369863014,,253.0-089.0
,,73,1,50,47.3123404819071,11.9028386753861,5.06044583341985,1.60662062780601,,253.0-091.0
,,73,5,50,39.0904081636528,9.36179609706045,3.05356164383562,1.03397260273973,,253.0-095.0
,,73,7,50,37.7083302169966,8.86566504344224,4.87048243001787,1.76328767123288,,253.0-097.0
,,73,15,49,44.5055964393604,11.1436439928077,3.61108940458712,1.64439232819694,,253.0-105.0
,,73,17,48,26.997022192912,6.11048026732729,3.7562437867251,1.72154252188793,,253.0-107.0
,,73,19,49,45.7988501331982,12.0919976420512,2.84358449086075,1.12232715510969,,253.0-109.0
,,73,21,38,34.0811781037807,8.21894041844128,1.79801110919301,0.828314496447563,,253.0-111.0
,,73,23,27,33.3149755666634,8.05646007138447,1.04494799369621,0.4274321735968,,253.0-113.0
,,75,13,50,50.1753586775937,13.5211917851405,3.66725128899824,1.7322427878302,,255.0-103.0
,,75,15,48,31.7292775712962,7.37800360574734,3.96592545822238,1.93456538648072,,255.0-105.0
,,77,9,50,73.3712107236235,21.9568188378516,3.69211516136522,1.22460877641049,,257.0-099.0
,,77,11,48,117.407439222604,40.5392232459255,3.58747515444534,1.26583669084072,,257.0-101.0
,,79,7,47,126.497557667894,44.4299952393429,4.57425754754622,1.51177383960633,,259.0-097.0
,,81,5,50,42.0204622032772,10.1571268705013,5.06044583341985,1.60662062780601,,261.0-095.0
,,81,9,50,32.6488998291332,7.95375411722114,3.30703207214648,1.39593500441044,,261.0-099.0
,,81,15,49,127.609411560101,46.0049578972311,4.13499089145416,1.25015028322128,,261.0-105.0
,,81,17,47,130.377894816863,47.2970299514235,3.50893096964813,1.30396204395788,,261.0-107.0
,,83,17,50,112.865584575014,38.1952043751307,5.16996857243808,1.00171078190219,,263.0-107.0
,,87,19,50,90.617575850483,28.7127773350982,2.67345662100457,1.22333789954338,,267.0-109.0
,,87,23,50,34.3807698685589,7.80833203536617,5.06044583341985,1.60662062780601,,267.0-113.0
,,91,21,34,78.5633638944182,25.3699708809009,4.50308932632967,1.1170499270246,,271.0-111.0
,,91,23,36,51.1081624597727,14.5875822391699,3.8223238277474,1.20216084249618,,271.0-113.0
,,93,7,44,106.714508489893,35.1940999934341,6.08260706560923,1.50016294160058,,273.0-097.0
,,93,9,48,184.710833342103,73.6561260367774,6.5336702881436,0.9791375936298,,273.0-099.0
,,93,11,50,213.574354219632,88.4571073382726,6.86869595386756,1.27029106203399,,273.0-101.0
,,93,13,49,215.182238918565,90.1431396866282,6.91681799288268,1.26207116692795,,273.0-103.0
,,93,19,49,66.394342587243,19.3514356906453,3.38626394724779,1.24393421747853,,273.0-109.0
,,93,21,45,53.1995892229968,14.6902835041295,3.09536847529702,1.42643032201519,,273.0-111.0
,,95,3,48,183.710688830603,72.4913252388433,6.996797100559,1.95938694022974,,275.0-093.0
,,95,15,49,96.3628418078319,31.0256585876316,4.87905983580718,1.18561538400405,,275.0-105.0
,,95,17,48,97.5204392782574,32.0702627345959,5.51268113836515,1.28115511202447,,275.0-107.0
,,95,19,48,60.4803355736362,17.2643175153589,4.43555377732409,1.39475426523235,,275.0-109.0
,,97,1,41,71.1056061299314,21.039204881091,6.79050476474092,1.60380647494257,,277.0-091.0
,,97,3,50,111.192583475419,37.9114923225241,5.69336255707763,1.318328506197,,277.0-093.0
,,97,5,46,79.5271825148701,24.2382898319694,3.77991047207304,0.735307009754992,,277.0-095.0
,,97,11,50,94.0410252181848,29.9153458940154,6.08378726833199,0.763722804190169,,277.0-101.0
,,97,13,44,32.5878482690094,7.50569075426328,7.99638854296389,2.87088418430884,,277.0-103.0
,,97,15,47,83.4257573972834,27.0023780487286,5.9451491578022,1.64588463168513,,277.0-105.0
,,97,17,27,19.3746512174677,3.997078084562,3.33196551702965,0.961176940127592,,277.0-107.0
,,99,-3,50,198.573736893705,79.6860661173019,5.60642641836034,1.12142298624168,,279.0-087.0
,,99,-1,50,188.725895091373,74.916238034636,6.28292095262387,1.39473866288852,,279.0-089.0
,,99,1,49,166.962294764082,63.73740377607,6.86357162320451,1.89614216000255,,279.0-091.0
,,99,3,49,102.723189799693,34.184399893242,5.18036400666399,0.762172163415957,,279.0-093.0
,,99,5,48,91.2276608966869,29.3533937428204,4.84478328367561,0.91792684019548,,279.0-095.0
,,99,13,49,83.6826848745818,27.8478509716023,5.81406239750138,0.877442888362509,,279.0-103.0
,,99,15,48,90.1630899432273,30.1706099659755,5.28167773765883,1.85722678536975,,279.0-105.0
,,101,-3,49,183.018645493795,71.8112065221399,5.78670456150261,1.17258847620393,,281.0-087.0
,,101,-1,47,164.410751643229,62.150843235601,6.80432988537881,2.42644786133632,,281.0-089.0
,,101,1,50,126.871255076201,44.9592579631399,7.22911588888129,2.17020735128956,,281.0-091.0
,,101,7,50,185.581550990899,74.8494391188275,5.82261748839745,0.675673208717747,,281.0-097.0
,,101,9,48,158.045506077889,61.3882291488075,5.85548467219587,0.351004132768729,,281.0-099.0
,,103,-5,50,186.995495635055,73.3176691053386,6.69346537103268,1.18092043997571,,283.0-085.0
,,103,-1,50,283.120945516664,131.419593131019,5.85360479663777,0.751567625660598,,283.0-089.0
,,103,3,50,174.148952183861,68.7177503383999,5.76745959820844,1.41726530291522,,283.0-093.0
,,103,5,50,206.492896695978,85.9747787123924,5.79997644836845,2.03724411778091,,283.0-095.0
,,103,11,50,96.3984986628255,32.4431692025499,5.46258160723339,1.52935936904067,,283.0-101.0
,,105,-7,49,134.317573484755,47.6997682199532,6.16570112394576,1.34686611364148,,285.0-083.0
,,105,-1,50,322.440606357088,154.223502783583,6.06735030880258,0.933443377080806,,285.0-089.0
,,105,1,50,162.98779300987,62.844445946279,5.21661405519475,0.970178573377722,,285.0-091.0
,,105,3,49,239.423986959415,102.398171622127,6.20375651974552,1.54230068206568,,285.0-093.0
,,105,11,47,71.3648827285666,20.7810399701677,2.79648755629574,0.998657874366673,,285.0-101.0
,,105,19,44,81.9429241964172,24.9499687496188,2.08903599872571,1.00020962089838,,285.0-109.0
,,107,-3,49,167.910585499448,65.4555752284052,5.23625050969566,0.761224045302744,,287.0-087.0
,,107,1,50,127.372418944674,44.1832753146293,5.03034246575342,0.874554794520548,,287.0-091.0
,,107,3,48,141.48281201994,51.6950953618104,6.7325747636504,2.02609589041096,,287.0-093.0
,,107,5,50,133.467798846459,47.0559435715032,5.07364271736092,0.314984623986581,,287.0-095.0
,,107,17,42,93.183933566161,30.4607322917211,2.70652173913044,1.31369267421084,,287.0-107.0
,,109,-5,49,41.9829567605254,10.3365432687331,6.37753424657534,0,,289.0-085.0
,,109,-3,49,185.137121365852,73.6179754017969,5.14167978903984,0.539937864466868,,289.0-087.0
,,109,-1,50,211.978230059019,87.1862871131063,6.53075895466012,1.04898979362626,,289.0-089.0
,,109,1,49,196.961068833555,79.5641239367527,6.45298581792776,1.56270583541114,,289.0-091.0
,,109,3,49,215.388944089877,88.8794392299511,5.80505233217562,1.21842010307764,,289.0-093.0
,,109,5,50,214.98645789622,87.5245911807301,6.01050228310502,0.95634703196347,,289.0-095.0
,,109,11,34,82.2488565244958,25.0370972207405,1.8319373776908,0.909706457925636,,289.0-101.0
,,109,13,50,86.1384116620743,26.3919228166214,2.27184931506849,1.16582191780822,,289.0-103.0
,,109,15,27,94.4823154341885,29.7585541122189,3.61014449240008,1.87209607806343,,289.0-105.0
,,111,-7,36,24.0077728198481,5.11491363787371,3.03225988258317,1.29154285714286,,291.0-083.0
,,111,-1,50,107.572040586621,35.2361199525054,6.58643775534727,1.68194484498919,,291.0-089.0
,,111,1,50,135.901605023427,48.6013508020332,6.39318082278235,1.61546872311822,,291.0-091.0
,,111,3,50,198.618088419073,79.3987122648126,6.23436550493078,1.27985053638817,,291.0-093.0
,,113,-27,50,62.1950623439949,17.7432055573683,1.96307240704501,1.22158512720157,,293.0-063.0
,,113,-25,50,93.6965490214566,30.2194119713601,1.25991854868567,0.72732890952069,,293.0-065.0
,,113,-9,48,108.452721310152,35.6261249102637,6.3710502283105,2.48684931506849,,293.0-081.0
,,113,-7,32,54.9248448865767,15.1732797491516,3.19688286726883,1.37629537046295,,293.0-083.0
,,113,-5,50,76.9939114510284,23.6997173849996,5.10970559961548,1.37414804133622,,293.0-085.0
,,113,-3,50,236.834213579591,101.198138581596,6.69709903668494,1.41078134321222,,293.0-087.0
,,113,3,50,245.649789052054,104.58059245076,6.50439343453042,1.56666666666667,,293.0-093.0
,,113,21,49,121.942091937761,41.8795224178614,3.3166095890411,1.3726598173516,,293.0-111.0
,,115,-29,50,65.5570774131023,18.527996122012,2.4900602739726,1.60166575342466,,295.0-061.0
,,115,-21,49,108.111471623019,36.4101848844041,1.32480752669399,0.513529216747522,,295.0-069.0
,,115,-7,47,129.112755862224,47.5640383596282,5.63159570447387,1.43326546503244,,295.0-083.0
,,115,-5,50,68.5253135519171,20.1557570717078,5.88531549025983,1.49264860685195,,295.0-085.0
,,115,-3,48,174.465872060689,70.4489260722822,5.00298665785595,1.07251605274255,,295.0-087.0
,,117,-9,50,73.1656739224395,22.7731702537109,4.69330151992626,1.59680129483139,,297.0-081.0
,,117,-7,50,50.5386702962873,13.0446334773339,6.07858984689766,1.50720185334408,,297.0-083.0
,,117,-5,50,139.739044491593,57.2543766606373,6.47055190434714,0.960320690474305,,297.0-085.0
,,117,-3,50,268.374675107318,120.368186156432,5.978987903212,1.34150957007032,,297.0-087.0
,,117,1,50,227.377463582061,98.2195197539099,6.31296095475327,0.935082758120101,,297.0-091.0
,,117,3,50,212.104016361157,88.3652933205597,5.3274014408599,0.973389109092909,,297.0-093.0
,,117,5,50,262.506061818734,116.065112214767,6.71111525170565,0.994071718466209,,297.0-095.0
,,117,7,50,213.683921952013,88.7970689925601,6.75125477529842,0.994614465860356,,297.0-097.0
,,117,9,50,174.144002478486,67.4236088744693,6.99691761533946,1.49419331968927,,297.0-099.0
,,119,-19,50,69.9735644371346,20.5418890177467,2.33417298623227,0.759139041959613,,299.0-071.0
,,119,-9,50,136.477686906142,50.0024756832822,4.18412143372129,1.80943991583656,,299.0-081.0
,,119,-7,50,49.7966117153425,12.8433334458296,6.51700261948727,1.0337973976897,,299.0-083.0
,,119,-3,45,139.682399009143,50.6255058572374,5.96056520835664,1.70899601988459,,299.0-087.0
,,119,-1,49,177.454605570225,70.7787153072952,5.71852952290978,2.20992076051016,,299.0-089.0
,,119,1,50,188.264218522054,76.6616783156369,6.09817484859929,1.04183884464452,,299.0-091.0
,,119,3,50,282.058236965144,133.480004824825,6.40292956198207,1.20319606516715,,299.0-093.0
,,119,5,50,224.968799634728,96.1017267534231,6.82383978020605,1.2166886181934,,299.0-095.0
,,119,7,50,234.104313778365,100.643526947212,6.75925603062589,0.421006641760066,,299.0-097.0
,,119,13,49,236.996584876868,100.958145322726,6.69305255892812,1.50661645336014,,299.0-103.0
,,119,27,33,55.2140815431737,14.8443156487806,2.6433262589234,1.47051900443758,,299.0-117.0
,,121,-19,50,76.9704907187593,23.1436678367824,2.50263585965163,1.07326485210487,,301.0-071.0
,,121,-11,50,129.578419543292,46.5039678370811,5.90398951756998,2.88284550327576,,301.0-079.0
,,121,-9,50,134.00643040442,49.5874589440636,6.0947529310861,2.35610523590287,,301.0-081.0
,,121,-7,50,121.846630771675,43.6003658435558,6.34103407951888,0.881612094888072,,301.0-083.0
,,121,-5,48,75.1309385462282,23.4516992788418,5.38047846109006,1.68645374526377,,301.0-085.0
,,121,-3,49,153.343856833628,58.4213545545908,4.48386394496515,1.78785967916366,,301.0-087.0
,,121,-1,49,155.848268105374,60.2746441434424,6.22185328229171,1.78161110425068,,301.0-089.0
,,121,1,49,165.296228219459,65.4852962161965,5.46582157994963,1.6963723508815,,301.0-091.0
,,121,5,50,203.79288523162,86.8909001161472,6.22149853992071,1.01325438969037,,301.0-095.0
,,121,7,49,90.9897083868125,30.5704483223724,5.66408964530839,1.01706404652436,,301.0-097.0
,,121,11,50,179.352740936852,70.0156207126659,6.22265705091515,1.24207603566477,,301.0-101.0
,,121,15,48,136.148208351067,49.5123709385801,6.49035787808549,1.38837995847568,,301.0-105.0
,,121,19,49,143.385217389848,51.6536021316135,7.21918135546063,2.12096299569565,,301.0-109.0
,,121,29,50,48.6158787986523,12.6601983720119,5.06044583341985,1.60662062780601,,301.0-119.0
,,123,-19,50,75.2765250720477,22.8121427459553,1.81881874900501,0.719693126426151,,303.0-071.0
,,123,-17,50,74.5463089269364,22.8138199173339,2.40185239138439,0.929677696749854,,303.0-073.0
,,123,-9,50,132.81992348422,48.9685047059293,5.10848246651658,1.94199882982918,,303.0-081.0
,,123,-3,50,214.604220363802,92.8036427723891,6.03556953653304,0.976233417182556,,303.0-087.0
,,123,-1,50,94.909109927789,31.6698102715149,5.85123913894325,1.28347355512068,,303.0-089.0
,,123,1,50,142.475682066957,54.2114425682697,6.36327103940442,1.87206644811464,,303.0-091.0
,,123,7,47,101.938566438606,34.0607055563622,6.13694979295111,0.947557695890747,,303.0-097.0
,,123,9,47,132.988726105692,47.9866382421515,6.20902665456346,1.30934156718197,,303.0-099.0
,,123,13,47,146.290053914392,54.0017634500305,6.14076444147388,1.25829904091946,,303.0-103.0
,,123,15,48,129.408901607957,45.9663055958641,6.67128857367642,1.22395339689004,,303.0-105.0
,,123,17,47,162.580739609845,62.3880971094139,7.27424068679105,2.12195995785037,,303.0-107.0
,,123,19,49,134.863311176133,48.4224343880487,7.26993500349665,1.83378254967296,,303.0-109.0
,,123,25,49,161.202225863553,60.7233638451948,7.48498683932448,3.03856327691214,,303.0-115.0
,,125,-17,50,77.551390217766,23.8159913722382,2.91855026921223,0.727163144682726,,305.0-073.0
,,125,-15,50,84.9792412979434,26.6422467609223,3.06336911721778,0.839399567382028,,305.0-075.0
,,125,-11,49,60.497686335279,17.6084180738048,5.19989538448346,2.15189165434004,,305.0-079.0
,,125,-7,48,130.73992988564,48.5952693650279,6.52756886948668,1.80069020021075,,305.0-083.0
,,125,-5,50,159.025651286297,58.7840550784702,5.06044583341985,1.60662062780601,,305.0-085.0
,,125,-3,50,166.314529352095,66.072545804396,6.03966775257482,1.11050039456911,,305.0-087.0
,,125,-1,50,95.6428903589851,31.2619920425796,6.0532891844019,1.03097575665869,,305.0-089.0
,,125,3,49,182.995980209012,72.5103500765092,6.58118209020781,1.5188722650781,,305.0-093.0
,,125,7,47,93.3848909894038,30.8174227522736,7.20428449810386,1.61374816190697,,305.0-097.0
,,125,9,49,208.362899799638,85.7631531449917,6.57151334773579,1.17783710557489,,305.0-099.0
,,125,13,48,135.209117333551,49.5878733247681,6.62867528388546,1.08729099523534,,305.0-103.0
,,125,15,49,144.680879032187,52.6425338940238,7.11982053732611,1.48113624296485,,305.0-105.0
,,127,-15,50,66.8097068317949,19.7460939461144,2.04796901193299,0.864812722565542,,307.0-075.0
,,127,-13,50,79.7279701746801,24.6988238673118,2.60165879456766,1.02108693859763,,307.0-077.0
,,127,-9,50,87.9839323615425,35.1778466317167,6.39981990612128,2.49150110163809,,307.0-081.0
,,127,-3,50,214.605577561432,91.2473863975712,6.65486671956611,1.33085723254536,,307.0-087.0
,,127,-1,50,100.762566912292,34.7021430934025,6.26851606521249,1.66436928702011,,307.0-089.0
,,127,1,50,220.891417468298,92.9274221528661,6.64116177928662,1.59412211538875,,307.0-091.0
,,127,3,49,217.503579072762,90.1072625040298,5.84002403268445,0.63604902667628,,307.0-093.0
,,127,5,50,133.909753702045,47.0062203313592,4.19671232876712,1.5213698630137,,307.0-095.0
,,127,7,50,266.012171542527,117.423532856937,6.91834657868631,0.790410067211342,,307.0-097.0
,,127,9,50,237.210508738565,100.84505397557,6.75409484682555,1.10901343459046,,307.0-099.0
,,127,11,50,242.07987545856,104.673030308396,5.98771420897126,0.899924791834542,,307.0-101.0
,,129,-15,48,58.3987307366513,16.8104042771099,1.60727457093562,0.610398142224098,,309.0-075.0
,,129,-13,50,84.4263710295329,26.6365188069405,4.15136783270235,1.03693506586569,,309.0-077.0
,,129,-7,50,27.5352208295539,5.80796386713725,7.30041095890411,2.57157534246575,,309.0-083.0
,,129,-3,50,138.436418789556,50.6378566785425,6.38160328476436,0.972711311362233,,309.0-087.0
,,129,-1,50,197.664398118153,85.5449262761545,5.96141838653951,1.25045364597423,,309.0-089.0
,,129,1,50,223.155988836352,94.5170205682314,6.65142241302528,1.61721772500439,,309.0-091.0
,,129,3,50,166.550661423067,63.7580940590567,6.35094789535451,1.83045873274689,,309.0-093.0
,,129,27,46,98.4555606113663,31.3814991456269,6.89055390113163,2.96203692674211,,309.0-117.0
,,129,29,49,115.213293422937,38.6307731312698,7.76310502283105,3.94093933463797,,309.0-119.0
,,131,-13,50,82.7462261416361,26.2006195454882,3.82776327486441,1.25498147094817,,311.0-077.0
,,131,-11,50,112.891152001521,39.1896868149757,5.22295310812289,1.37487901556867,,311.0-079.0
,,131,-9,50,192.576756185512,76.9900037143899,7.86478158530896,1.50504050214174,,311.0-081.0
,,131,-7,50,164.599998683069,63.5946789330575,7.20011910529296,1.5370270120939,,311.0-083.0
,,131,-5,50,87.0163142202184,26.6293416492894,5.06044583341985,1.60662062780601,,311.0-085.0
,,131,-3,49,220.063024608394,93.1747333648018,6.24252985175741,0.666011416104142,,311.0-087.0
,,131,-1,50,276.764197527683,124.464867501651,6.24128117507404,1.03126529015313,,311.0-089.0
,,131,1,50,124.662812697875,44.5930246848157,5.68467195385725,1.34403749098774,,311.0-091.0
,,131,31,49,76.1218899732641,22.3209719104866,5.26303652968037,2.25184931506849,,311.0-121.0
,,133,-33,50,14.9103616472467,2.63333726041142,3.54241303714217,2.24273246064231,,313.0-057.0
,,133,-13,49,87.3309313848747,28.4906796934871,3.17165294701024,1.22505776974106,,313.0-077.0
,,133,-11,50,137.81981419622,50.7652687379293,3.93957582910821,1.6981046068273,,313.0-079.0
,,133,-5,50,210.638552492134,86.5744863909145,7.25337819561993,2.29057979233924,,313.0-085.0
,,133,-3,50,281.498375966503,129.161469762476,6.4212324931525,1.01114752582993,,313.0-087.0
,,133,-1,50,256.707908341525,111.869170752164,6.43440318783857,0.609908085878783,,313.0-089.0
,,135,-33,50,20.9945783552936,4.19373735826837,2.38058437963244,1.52773802932614,,315.0-057.0
,,135,-15,48,92.0498719184971,29.6081787131429,2.23353653965861,1.05920883706397,,315.0-075.0
,,135,-13,50,105.209073773534,35.8388835757965,3.42873734434882,1.56954243127478,,315.0-077.0
,,135,-11,50,70.0512107935834,20.7406172081938,4.62922924876462,1.88794762411126,,315.0-079.0
,,135,-7,50,197.86456322292,80.5520170352252,6.31598735557396,1.19083215869578,,315.0-083.0
,,135,-5,50,195.383934441269,79.6631928061787,6.27058763789239,1.09922188160753,,315.0-085.0
,,135,-3,50,207.964949432374,86.7224897886002,6.74116845444023,1.60196468707904,,315.0-087.0
,,135,-1,50,141.213351001939,51.238534480864,6.32386060302127,1.41013902745885,,315.0-089.0
,,135,9,50,206.817180560349,83.647627181987,5.06044583341985,1.60662062780601,,315.0-099.0
,,137,-35,49,15.2294334481563,2.77957529781306,2.50769251230217,1.6546535443543,,317.0-055.0
,,137,-33,43,20.8409638602596,4.18177719992894,1.87559740028696,1.13566463424496,,317.0-057.0
,,137,-17,49,74.8041693762847,22.2896840985969,2.30615225347694,1.27192470981909,,317.0-073.0
,,137,-15,49,93.7617247648464,30.6485147554245,2.25662629210036,1.10041867261133,,317.0-075.0
,,137,-13,50,130.413547621359,48.2415958538018,4.08525912718361,1.81635048149428,,317.0-077.0
,,137,-11,50,97.2478322010187,32.1108546445973,4.82526809142071,1.70902227610792,,317.0-079.0
,,137,-9,48,126.349195520803,46.2210519057302,7.25618443107274,1.09530331532574,,317.0-081.0
,,137,-7,50,186.345746696024,75.0581121869229,7.03834899203176,0.977385930579874,,317.0-083.0
,,137,-5,50,243.543239696596,104.928798649777,5.76321568115235,0.442236565338188,,317.0-085.0
,,137,-3,50,235.350211091032,100.769312815631,6.49633066376573,0.601041166837136,,317.0-087.0
,,137,-1,50,223.814982244716,94.934425243422,6.05426230176387,0.45257421223536,,317.0-089.0
,,139,-35,49,32.5030276875583,7.49169747149173,4.48297822813808,2.84299503967338,,319.0-055.0
,,139,-33,45,28.3206871192379,6.1892578807936,2.43731888028588,1.44410530077427,,319.0-057.0
,,139,-17,49,104.284438199214,35.3274975584058,2.25355205343418,1.09371252828375,,319.0-073.0
,,139,-9,50,141.461813965104,53.616606444207,7.18786333821979,0.947903531067183,,319.0-081.0
,,139,-7,49,204.167748562732,83.6056353045718,6.9666632700138,1.33117392190431,,319.0-083.0
,,139,-5,50,151.879890108805,57.0576974564107,6.3550757554465,1.39069543055622,,319.0-085.0
,,139,-3,49,269.943347595141,120.855438554001,6.94517748399833,0.970365615840163,,319.0-087.0
,,139,-1,50,326.601795191039,153.631449935703,6.18688316922411,0.831419541229525,,319.0-089.0
,,141,-17,49,115.380481719006,40.9917121078677,1.96642945426188,0.954290618915194,,321.0-073.0
,,141,-15,50,86.2018431684892,28.0977045175613,2.93312728299085,1.40084773119007,,321.0-075.0
,,141,-13,50,159.70111819863,61.1045677628657,4.74608302254811,1.75618776716672,,321.0-077.0
,,141,-11,50,116.552309815546,39.4221457083362,5.14575131311532,1.82221289624409,,321.0-079.0
,,141,-9,50,151.650386811705,57.8296029021917,6.92556445221082,1.37706766103952,,321.0-081.0
,,141,-7,50,111.591986293571,37.3351551308271,5.79640182648402,0.912521562658549,,321.0-083.0
,,141,-3,50,178.932189342183,71.4506913313738,5.74083852220839,1.89078455790785,,321.0-087.0
,,143,-15,50,123.256689707876,43.4772116619138,3.66516341726823,1.82709600409254,,323.0-075.0
,,143,-13,50,164.172963422661,62.3012498300713,5.27121070897372,2.16826591778105,,323.0-077.0
,,143,-11,50,170.581144385185,66.2187035695356,5.86074748846871,2.08942013878725,,323.0-079.0
,,143,-9,50,121.874012394547,44.7967909205535,6.6373719846884,0.911707619358648,,323.0-081.0
,,143,-7,46,86.4427084002122,27.030599825466,5.93705240572962,0.535395453479383,,323.0-083.0
,,143,-3,48,183.545506297715,72.6136587965343,6.62541640290684,1.02478337933305,,323.0-087.0
,,145,-39,48,16.4904402163698,3.04415309735614,4.25797291250774,2.83614837888071,,325.0-051.0
,,145,-19,50,154.2478281176,56.7973135820129,8.51455927238233,3.54198990039896,,325.0-071.0
,,145,-17,50,157.435137131406,58.6090349649802,8.17915270848465,3.38250679539594,,325.0-073.0
,,145,-15,50,146.139700487784,53.7382574680717,4.3806437145325,1.94846844956047,,325.0-075.0
,,145,-9,50,110.068968927144,37.5706037081587,7.42640216245934,2.46390433866312,,325.0-081.0
,,145,-7,50,178.681723805046,69.6349128215761,6.47495392093054,0.655897195891401,,325.0-083.0
,,145,-5,49,221.134236741588,92.1605030390041,7.13966825760863,1.92757205727391,,325.0-085.0
,,145,-3,50,156.279894417946,60.02074045937,5.98020567040875,0.847917747917064,,325.0-087.0
,,145,13,50,112.182913430744,37.1627521290806,5.68821917808219,1.56929285449833,,325.0-103.0
,,147,-39,46,24.3435122301335,5.10250890570026,3.81362953879285,2.48111084524735,,327.0-051.0
,,147,-17,50,167.008889137893,63.3046089210898,8.10258097827355,3.07826007561084,,327.0-073.0
,,147,-11,50,116.878951964549,40.6214993551649,7.6323028683537,1.37456636884525,,327.0-079.0
,,147,-9,50,193.208718391583,77.115451455987,7.11324002197472,1.71557686530898,,327.0-081.0
,,147,-7,49,169.808435622715,67.0598067866019,6.37149211465408,1.83420927823184,,327.0-083.0
,,147,-5,50,161.624405783205,61.8077837358156,5.72771794934183,1.80382588384146,,327.0-085.0
,,147,-3,49,212.644198725394,91.1608001633689,7.29833715808177,1.65196913285176,,327.0-087.0
,,147,-1,47,232.674877999717,103.340421806522,6.78202842407412,0.878724883900026,,327.0-089.0
,,149,-37,46,14.5708733788459,2.57917347835736,5.38905551550108,3.67322278298486,,329.0-053.0
,,149,-23,49,66.79237958886,19.0102287495555,3.84515235033192,1.98276134420588,,329.0-067.0
,,149,-21,49,86.777921745583,26.8991403208491,5.54579613425541,2.87119562678965,,329.0-069.0
,,149,-19,50,74.7333770941058,22.6060131155586,4.82573740133178,2.37449244145576,,329.0-071.0
,,149,-11,50,116.647667627036,41.4860880650094,7.92801295182008,2.29221589211795,,329.0-079.0
,,149,-9,50,151.097888830986,58.9962381646209,7.18149315620317,1.74387290395666,,329.0-081.0
,,149,-7,48,138.873003464222,50.6947910278952,5.93263222983257,1.74379954045194,,329.0-083.0
,,149,-5,49,118.187924251721,41.2170969349123,6.08184407539327,1.41296176633661,,329.0-085.0
,,149,-1,50,180.427302148706,70.9128143806996,7.17611411335931,1.75902601482971,,329.0-089.0
,,151,-37,47,18.8709127994094,3.56238412389502,6.06692759295499,3.97316373124592,,331.0-053.0
,,151,-25,49,76.6014791616161,22.9684050441493,4.26682728836421,2.349506131591,,331.0-065.0
,,151,-23,49,61.3421368344563,17.1439836736652,4.43510618794281,2.31623242110379,,331.0-067.0
,,151,-11,50,45.0342689231198,11.6044468841634,7.6556540035713,2.13237708846836,,331.0-079.0
,,151,-9,50,56.495773457567,16.3238363166671,6.33967255406439,1.31836541269731,,331.0-081.0
,,151,-7,48,163.495003813604,63.8405052538789,6.36100799945068,1.92632986576029,,331.0-083.0
,,151,-5,49,149.490555181502,57.2836901755345,7.38156866429967,2.18343331565913,,331.0-085.0
,,151,-3,49,122.633593887796,44.9550954568991,6.68780345975697,1.19805550169379,,331.0-087.0
,,151,7,50,126.068704138951,45.4022944317227,6.37219866637675,1.06368594622019,,331.0-097.0
,,153,-33,48,75.3889847313169,22.7977267781052,5.55218508661649,3.41332081571342,,333.0-057.0
,,153,-31,46,120.606358175502,41.9460399396859,6.04437748047625,3.52381961336577,,333.0-059.0
,,153,-29,46,109.298620259296,36.8808097195954,5.9727088574222,3.37991607254672,,333.0-061.0
,,153,-11,49,35.3485498858482,8.79226289887416,7.25692637794156,2.09990326424991,,333.0-079.0
,,153,-9,50,31.5796487196645,7.10384771325504,6.12080810923723,1.12404687877922,,333.0-081.0
,,153,-5,48,92.3864298541415,30.7061521219412,7.2967102532171,1.94392694063927,,333.0-085.0
,,153,-3,49,187.112704188168,79.9969025905238,6.99447162426615,1.4474168297456,,333.0-087.0
,,155,-11,49,61.956485520043,17.7635427193756,7.41587921786074,2.23171969038168,,335.0-079.0
,,155,-7,50,121.177373304156,44.7049918789108,6.84899204708685,1.56088953508741,,335.0-083.0
,,155,-5,49,230.871861700787,100.204576022724,7.10890809275583,1.84584477772198,,335.0-085.0
,,157,-9,47,215.351502587652,92.8031908725954,6.71879061682398,1.79816987725221,,337.0-081.0
,,157,-7,49,152.24759205066,60.0812276474857,6.7756836934876,1.55392824567381,,337.0-083.0
,,159,-9,49,224.524311735648,97.5647845911004,7.10792314318264,2.01831087276668,,339.0-081.0
,,159,-7,49,162.448227323547,63.6916911939931,6.65887016793773,1.68540036853184,,339.0-083.0
,,161,-11,48,152.306480913551,56.8154120821718,6.41438356164384,1.20676629306766,,341.0-079.0
,,161,-9,50,191.131647668189,77.3134245086952,6.94826743574738,2.09211502980766,,341.0-081.0
,,163,-21,49,81.0568461847582,24.4166753888105,6.21643280266568,2.46469949401456,,343.0-069.0
,,163,-19,50,83.7032505500966,25.48402919943,7.65616438356164,2.56602739726027,,343.0-071.0
,,163,-11,48,179.933541066391,71.5326404552174,7.0770797011208,1.61633250311333,,343.0-079.0
,,165,-21,49,88.6148201604421,27.5541638046455,5.16177995539511,2.6017808808077,,345.0-069.0
,,165,-11,47,242.348482465783,107.349816820926,7.4679193590075,2.3099974153528,,345.0-079.0
,,167,-23,48,71.357300739656,20.7858919863099,5.08157183202682,2.8127489640246,,347.0-067.0
,,167,-21,47,88.1690673383662,27.5362040535285,4.45991629966666,2.51777512834862,,347.0-069.0
,,167,-17,50,138.151352595018,50.0716534101949,7.37539749696737,1.92261546199592,,347.0-073.0
,,167,-11,50,256.885487048493,114.2789965915,6.86605210185088,2.17162841158632,,347.0-079.0
,,169,-17,48,74.1266818631153,21.719499887332,8.70816111766307,3.47036378481357,,349.0-073.0
,,169,5,50,82.5572953584371,24.9018975962246,5.06044583341985,1.60662062780601,,349.0-095.0
,,173,-35,48,32.7742909630818,7.51984084221205,7.12767385095776,4.73483363212449,,353.0-055.0
,,173,1,50,35.49511456666,8.14960152811207,2.56547945205479,1.44164383561644,,353.0-091.0
,,173,3,50,49.5569112290294,12.7755888579197,5.59398607680216,1.61593981585448,,353.0-093.0
,,173,7,50,54.3143828015772,14.261352869429,5.06044583341985,1.60662062780601,,353.0-097.0
,,175,-35,48,28.4429555427562,6.26312559742834,6.60258140243764,4.3563142450285,,355.0-055.0
,,177,-39,33,42.978125827957,10.5624378529457,7.2473599003736,4.90359277708593,,357.0-051.0
,,177,-37,45,40.0436884502792,9.6606149696121,7.17959128677296,4.58438655587993,,357.0-053.0
,,177,-19,50,137.898382480063,49.7267009521937,7.88557660736873,2.73284334042038,,357.0-071.0
,,177,-17,50,100.684796906765,32.6655039368122,7.54381396098721,2.16119075667664,,357.0-073.0
,,179,-19,50,153.64917527036,56.9794318174791,8.53569697131849,2.90441352739726,,359.0-071.0
,,179,-17,49,101.214491356313,33.6692057737656,7.7279828216029,2.13884528420721,,359.0-073.0
,,179,-9,50,117.095765955532,39.2463088983757,5.06044583341985,1.60662062780601,,359.0-081.0
,,179,-7,50,116.819949431035,39.4588077269627,5.06044583341985,1.60662062780601,,359.0-083.0
