lon,lat,lonr,latr,age,AGB,BGB,GPP,NPP,gf_flag,Igrid
110.566666666667,19.9333333333333,111,19,6,-0.910673331856063,,,,,291.0-109.0
110.566666666667,19.9333333333333,111,19,11,-0.860165183931398,,,,,291.0-109.0
110.566666666667,19.9333333333333,111,19,6,-0.88973200059127,,,,,291.0-109.0
110.566666666667,19.9333333333333,111,19,11,-1.01669797406383,,,,,291.0-109.0
110.566666666667,19.9333333333333,111,19,11,-0.8111727197731,,,,,291.0-109.0
110.616666666667,19.8833333333333,111,19,50,0.793035765123238,1.78395121927267,,,,291.0-109.0
110.805916666667,19.6103898148148,111,19,50,2.26572390310412,0.930096768067561,,,,291.0-109.0
110.805916666667,19.6103898148148,111,19,50,1.55568829678305,0.569318394155053,,,,291.0-109.0
110.805916666667,19.6103898148148,111,19,50,1.80012342322102,1.00750745214876,,,,291.0-109.0
110.805916666667,19.6103898148148,111,19,50,0.123184083970416,-0.124410481140276,,,,291.0-109.0
110.805916666667,19.6103898148148,111,19,50,0.102169531267635,0.82976268180859,,,,291.0-109.0
110.805916666667,19.6103898148148,111,19,50,1.12888785689021,0.447752102391386,,,,291.0-109.0
110.805916666667,19.6103898148148,111,19,50,0.206934764741991,0.149148267987196,,,,291.0-109.0
110.805916666667,19.6103898148148,111,19,50,1.30926886937558,0.554343616340735,,,,291.0-109.0
110.805916666667,19.6103898148148,111,19,50,0.824132909837076,0.111542203784093,,,,291.0-109.0
110.805916666667,19.6103898148148,111,19,50,-0.638738521479444,-0.570981532644914,,,,291.0-109.0
110.805916666667,19.6103898148148,111,19,50,-0.663050327061658,-0.549865596911493,,,,291.0-109.0
110.805916666667,19.6103898148148,111,19,50,0.0899177541561606,0.0823873184103628,,,,291.0-109.0
110.805916666667,19.6103898148148,111,19,50,1.26744478399639,0.381241949593913,,,,291.0-109.0
110.805916666667,19.6103898148148,111,19,50,0.397251926362447,0.528775797546884,,,,291.0-109.0
110.805916666667,19.6103898148148,111,19,50,5.80380575315371,3.06386423597097,,,,291.0-109.0
110.805916666667,19.6103898148148,111,19,50,2.72182024033627,1.43648717553182,,,,291.0-109.0
110.805916666667,19.6103898148148,111,19,50,5.47143167969121,2.46405827409214,,,,291.0-109.0
110.805916666667,19.6103898148148,111,19,50,3.13981214123906,1.35780040668821,,,,291.0-109.0
110.805916666667,19.6103898148148,111,19,50,4.88102525875622,3.2199924379262,,,,291.0-109.0
110.805916666667,19.6103898148148,111,19,50,4.79062607141527,2.53996225568278,,,,291.0-109.0
110.805916666667,19.6103898148148,111,19,50,3.25226562570224,1.69786930861315,,,,291.0-109.0
110.805916666667,19.6103898148148,111,19,50,1.14987312101779,0.492430443590983,,,,291.0-109.0
110.805916666667,19.6103898148148,111,19,50,5.5479187938143,2.53225962356269,,,,291.0-109.0
110.805916666667,19.6103898148148,111,19,50,1.58593607281622,0.367374136874698,,,,291.0-109.0
110.805916666667,19.6103898148148,111,19,50,3.25157734418515,1.50418116600045,,,,291.0-109.0
110.805916666667,19.6103898148148,111,19,50,0.646065694792145,-0.0941841842378648,,,,291.0-109.0
110.805916666667,19.6103898148148,111,19,50,0.490118676163626,-0.270991109150242,,,,291.0-109.0
110.805916666667,19.6103898148148,111,19,50,1.10255010564564,0.717052110805751,,,,291.0-109.0
110.805916666667,19.6103898148148,111,19,50,2.13966587546262,0.807546507330469,,,,291.0-109.0
110.805916666667,19.6103898148148,111,19,50,3.45907957730157,2.49785145852322,,,,291.0-109.0
110.805916666667,19.6103898148148,111,19,50,-0.610707066847399,-0.408285529973505,,,,291.0-109.0
110.805916666667,19.6103898148148,111,19,50,1.22790520748244,0.832668465183236,,,,291.0-109.0
110.805916666667,19.6103898148148,111,19,50,-0.761345531221731,-0.664255833700998,,,,291.0-109.0
110.805916666667,19.6103898148148,111,19,50,0.536504457129522,0.233631229064892,,,,291.0-109.0
110.805916666667,19.6103898148148,111,19,50,-0.693915908977856,-0.645760291903643,,,,291.0-109.0
110.805916666667,19.6103898148148,111,19,50,0.838740586715839,0.503853708391844,,,,291.0-109.0
110.805916666667,19.6103898148148,111,19,50,1.94659558777379,0.501532156595168,,,,291.0-109.0
110.805916666667,19.6103898148148,111,19,50,0.819161174197637,0.404857204956122,,,,291.0-109.0
110.805916666667,19.6103898148148,111,19,50,0.77278271537554,0.331397771283832,,,,291.0-109.0
110.805916666667,19.6103898148148,111,19,50,2.154178364472,1.15888492890418,,,,291.0-109.0
110.805916666667,19.6103898148148,111,19,50,1.73144171438754,0.966841859418916,,,,291.0-109.0
110.805916666667,19.6103898148148,111,19,50,0.800489707510497,0.520934794789901,,,,291.0-109.0
110.805916666667,19.6103898148148,111,19,50,1.86179784043897,1.47463134776726,,,,291.0-109.0
110.805916666667,19.6103898148148,111,19,50,0.248905292997164,0.151823433633696,,,,291.0-109.0
110.805916666667,19.6103898148148,111,19,50,0.862735251944765,1.98191347711369,,,,291.0-109.0
110.805916666667,19.6103898148148,111,19,50,0.795225086119103,0.44747536111761,,,,291.0-109.0
110.805916666667,19.6103898148148,111,19,50,2.43514366632257,1.2885689646986,,,,291.0-109.0
110.805916666667,19.6103898148148,111,19,50,1.08837443525101,0.533049912775201,,,,291.0-109.0
110.805916666667,19.6103898148148,111,19,50,1.36867342201589,1.05163231080081,,,,291.0-109.0
110.805916666667,19.6103898148148,111,19,50,2.40107373122639,1.34852957401671,,,,291.0-109.0
110.805916666667,19.6103898148148,111,19,50,1.33602398281669,0.57891209164595,,,,291.0-109.0
110.805916666667,19.6103898148148,111,19,50,1.60916191294626,0.813465695686231,,,,291.0-109.0
110.805916666667,19.6103898148148,111,19,50,2.29083885633427,1.43022974784144,,,,291.0-109.0
110.805916666667,19.6103898148148,111,19,50,2.14365644383301,1.28371061789232,,,,291.0-109.0
110.805916666667,19.6103898148148,111,19,50,2.82967541849376,1.5561931509551,,,,291.0-109.0
110.805916666667,19.6103898148148,111,19,50,1.57403758914304,0.742143319628099,,,,291.0-109.0
110.805916666667,19.6103898148148,111,19,50,2.01228986193733,1.3491291801099,,,,291.0-109.0
110.805916666667,19.6103898148148,111,19,50,0.844634912473937,0.442140404339819,,,,291.0-109.0
110.805916666667,19.6103898148148,111,19,50,1.24214677717126,1.08840815118258,,,,291.0-109.0
110.805916666667,19.6103898148148,111,19,50,0.11636716809366,0.364406855439213,,,,291.0-109.0
110.805916666667,19.6103898148148,111,19,50,0.582611996631062,0.381933802778352,,,,291.0-109.0
110.805916666667,19.6103898148148,111,19,50,0.350895433971746,1.2485952251532,,,,291.0-109.0
110.805916666667,19.6103898148148,111,19,50,0.214681592881205,0.410253659794752,,,,291.0-109.0
110.805916666667,19.6103898148148,111,19,50,0.421678598075506,0.876424335470247,,,,291.0-109.0
110.805916666667,19.6103898148148,111,19,50,0.105806654617966,0.659083292319366,,,,291.0-109.0
110.805916666667,19.6103898148148,111,19,50,0.268712693671603,0.148823099853241,,,,291.0-109.0
110.805916666667,19.6103898148148,111,19,50,-0.208610640217849,-0.115395052533723,,,,291.0-109.0
110.805916666667,19.6103898148148,111,19,50,0.895221554113997,0.443049917938153,,,,291.0-109.0
110.805916666667,19.6103898148148,111,19,50,0.0372798270972877,-0.0402229009961839,,,,291.0-109.0
110.805916666667,19.6103898148148,111,19,50,-0.538295872308694,-0.434360662956661,,,,291.0-109.0
110.805916666667,19.6103898148148,111,19,50,0.611947429722317,0.829784182546909,,,,291.0-109.0
110.805916666667,19.6103898148148,111,19,50,0.223582181762162,1.17975926762026,,,,291.0-109.0
110.805916666667,19.6103898148148,111,19,50,0.429409229466325,0.546593650568008,,,,291.0-109.0
110.805916666667,19.6103898148148,111,19,50,0.726436760952643,0.306885894234018,,,,291.0-109.0
110.805916666667,19.6103898148148,111,19,50,-0.234181529812478,-0.0234334155325226,,,,291.0-109.0
110.578063425926,19.95160625,111,19,50,-0.148973724910649,-0.0167170223456886,,,,291.0-109.0
110.578063425926,19.95160625,111,19,50,-0.443772200143873,-0.217181874744123,,,,291.0-109.0
110.578063425926,19.95160625,111,19,50,-0.763241817034134,-0.493860395396713,,,,291.0-109.0
110.578063425926,19.95160625,111,19,50,-0.25897025655054,-0.103473215315116,,,,291.0-109.0
110.578063425926,19.95160625,111,19,50,-0.269998301700688,-0.13350058481665,,,,291.0-109.0
110.578063425926,19.95160625,111,19,50,-0.602304084964902,-0.340711397970393,,,,291.0-109.0
110.578063425926,19.95160625,111,19,50,-0.756966889230001,-0.240595692580523,,,,291.0-109.0
110.578063425926,19.95160625,111,19,50,-0.687084348813503,-0.0227695610884742,,,,291.0-109.0
110.578063425926,19.95160625,111,19,50,-0.739518220557273,-0.319144090787248,,,,291.0-109.0
110.578063425926,19.95160625,111,19,50,0.26617090807492,0.347556386769303,,,,291.0-109.0
110.578063425926,19.95160625,111,19,50,-0.0305077143680478,0.097828136216977,,,,291.0-109.0
110.578063425926,19.95160625,111,19,50,0.163829304197992,0.177129885668981,,,,291.0-109.0
110.578063425926,19.95160625,111,19,50,-0.319307710083422,-0.135710749819459,,,,291.0-109.0
110.578063425926,19.95160625,111,19,50,-0.109909041723089,-0.0356380303190533,,,,291.0-109.0
110.578063425926,19.95160625,111,19,50,0.124853532756561,0.225267492790776,,,,291.0-109.0
110.578063425926,19.95160625,111,19,50,-0.0918453129712549,0.0993963367683737,,,,291.0-109.0
110.578063425926,19.95160625,111,19,50,-0.270051648748365,-0.0213089821435458,,,,291.0-109.0
110.578063425926,19.95160625,111,19,50,-0.348984358900278,-0.102378800844673,,,,291.0-109.0
110.578063425926,19.95160625,111,19,50,-0.731063494787331,-0.577673776775093,,,,291.0-109.0
110.578063425926,19.95160625,111,19,50,-0.156826627281193,0.0560789248780859,,,,291.0-109.0
110.578063425926,19.95160625,111,19,50,-0.902492056518116,-0.685978695030598,,,,291.0-109.0
110.578063425926,19.95160625,111,19,50,-0.886265824272453,-0.692508118774007,,,,291.0-109.0
110.578063425926,19.95160625,111,19,50,-0.697616665088749,-0.559262320289317,,,,291.0-109.0
110.578063425926,19.95160625,111,19,50,0.800394519641111,0.864379826369614,,,,291.0-109.0
110.578063425926,19.95160625,111,19,50,-0.793907375885855,-0.58570269027353,,,,291.0-109.0
110.578063425926,19.95160625,111,19,50,-0.847801970119084,-0.637653366976179,,,,291.0-109.0
110.578063425926,19.95160625,111,19,50,1.11919704477081,0.994019257089049,,,,291.0-109.0
110.578063425926,19.95160625,111,19,50,1.52572066054782,1.24581965063576,,,,291.0-109.0
110.578063425926,19.95160625,111,19,50,-0.687709171751007,-0.472367838029643,,,,291.0-109.0
110.578063425926,19.95160625,111,19,50,1.76313891330553,0.987508814228615,,,,291.0-109.0
110.578063425926,19.95160625,111,19,50,0.704727547019465,0.492715156835609,,,,291.0-109.0
110.578063425926,19.95160625,111,19,50,0.600463835196913,0.557857547205902,,,,291.0-109.0
110.578063425926,19.95160625,111,19,50,-0.835616476488357,-0.597262048005321,,,,291.0-109.0
110.578063425926,19.95160625,111,19,50,0.637580776478637,0.56691142838499,,,,291.0-109.0
110.578063425926,19.95160625,111,19,50,1.13529672144464,0.892680322885379,,,,291.0-109.0
110.578063425926,19.95160625,111,19,50,-0.70379754882021,-0.411591050743606,,,,291.0-109.0
110.578063425926,19.95160625,111,19,50,-0.608243572244843,-0.287997031251718,,,,291.0-109.0
110.578063425926,19.95160625,111,19,50,-0.539354402670392,-0.322162620606766,,,,291.0-109.0
110.578063425926,19.95160625,111,19,50,-0.214474950171809,-0.0244949233509042,,,,291.0-109.0
110.578063425926,19.95160625,111,19,50,-0.469509286544421,-0.239866257247793,,,,291.0-109.0
110.578063425926,19.95160625,111,19,50,-0.369216255788113,-0.122336629866425,,,,291.0-109.0
110.578063425926,19.95160625,111,19,50,-0.664969847397822,-0.401042425030235,,,,291.0-109.0
110.578063425926,19.95160625,111,19,50,-0.871494981102863,-0.632855948804241,,,,291.0-109.0
110.578063425926,19.95160625,111,19,50,-0.718929979337893,-0.45634797279872,,,,291.0-109.0
110.578063425926,19.95160625,111,19,50,-0.859066404727579,-0.619771595755925,,,,291.0-109.0
110.578063425926,19.95160625,111,19,50,-0.87369925147565,-0.647037337573254,,,,291.0-109.0
110.578063425926,19.95160625,111,19,50,-0.897622068168549,-0.667072252705989,,,,291.0-109.0
110.578063425926,19.95160625,111,19,50,-0.795981559560364,-0.505519729603307,,,,291.0-109.0
110.578063425926,19.95160625,111,19,50,-0.66040749078425,-0.516642230450376,,,,291.0-109.0
110.578063425926,19.95160625,111,19,50,-0.903571310005138,-0.663685054823836,,,,291.0-109.0
110.578063425926,19.95160625,111,19,50,0.962179575047274,0.935961184712888,,,,291.0-109.0
110.578063425926,19.95160625,111,19,50,0.129640384265078,0.267097705047763,,,,291.0-109.0
110.578063425926,19.95160625,111,19,50,-0.887634206392891,-0.660610151781881,,,,291.0-109.0
110.578063425926,19.95160625,111,19,50,1.88332150812787,1.06318559465005,,,,291.0-109.0
110.578063425926,19.95160625,111,19,50,3.9315240017157,2.15039159057662,,,,291.0-109.0
110.578063425926,19.95160625,111,19,50,0.0662094887061339,-0.118412332311338,,,,291.0-109.0
110.578063425926,19.95160625,111,19,50,2.91963988744547,1.66856187625556,,,,291.0-109.0
110.578063425926,19.95160625,111,19,50,2.76799015365536,1.59311286642983,,,,291.0-109.0
110.578063425926,19.95160625,111,19,50,0.7111005240296,0.553928504430071,,,,291.0-109.0
110.578063425926,19.95160625,111,19,50,-0.559191988555132,-0.465022236318308,,,,291.0-109.0
110.578063425926,19.95160625,111,19,50,-0.190689282430081,-0.208002099953466,,,,291.0-109.0
110.578063425926,19.95160625,111,19,50,-0.0789135934509019,-0.0519412801327933,,,,291.0-109.0
110.578063425926,19.95160625,111,19,50,0.368912337162002,0.27251793344232,,,,291.0-109.0
110.578063425926,19.95160625,111,19,50,-0.235282042133623,-0.156563907091143,,,,291.0-109.0
110.578063425926,19.95160625,111,19,50,0.253475576283383,0.0997159748376731,,,,291.0-109.0
110.578063425926,19.95160625,111,19,50,-0.741097543696905,-0.552201431822607,,,,291.0-109.0
110.578063425926,19.95160625,111,19,50,-0.0815803001430861,-0.0854994812326413,,,,291.0-109.0
110.578063425926,19.95160625,111,19,50,-0.617181559505511,-0.489659422419893,,,,291.0-109.0
110.578063425926,19.95160625,111,19,50,-0.870342421430817,0.307025178690919,,,,291.0-109.0
110.578063425926,19.95160625,111,19,50,-0.882800913509354,0.253650935765143,,,,291.0-109.0
110.578063425926,19.95160625,111,19,50,-0.824081840084198,0.561577800269007,,,,291.0-109.0
110.578063425926,19.95160625,111,19,50,0.571636103076542,0.379227888101433,,,,291.0-109.0
110.578063425926,19.95160625,111,19,50,-0.222340559754871,-0.120489979761785,,,,291.0-109.0
110.578063425926,19.95160625,111,19,50,1.34926241880506,0.688932122487079,,,,291.0-109.0
110.578063425926,19.95160625,111,19,50,0.0337367753233141,0.060345068135553,,,,291.0-109.0
110.578063425926,19.95160625,111,19,50,0.537082906489634,0.302186192385265,,,,291.0-109.0
110.578063425926,19.95160625,111,19,50,0.838206070218521,0.456653946697844,,,,291.0-109.0
110.578063425926,19.95160625,111,19,50,-0.602140158602711,-0.316930160597041,,,,291.0-109.0
110.578063425926,19.95160625,111,19,50,-0.484297576303557,-0.295697955092346,,,,291.0-109.0
110.578063425926,19.95160625,111,19,50,-0.346604662165642,-0.0624665593601052,,,,291.0-109.0
110.578063425926,19.95160625,111,19,50,-0.228520358724288,-0.361595404987385,,,,291.0-109.0
110.578063425926,19.95160625,111,19,50,0.682227774284392,0.487742165496152,,,,291.0-109.0
110.578063425926,19.95160625,111,19,50,-0.683062774328015,-0.520920936679762,,,,291.0-109.0
110.578063425926,19.95160625,111,19,50,0.386205252084538,0.314048105391679,,,,291.0-109.0
110.578063425926,19.95160625,111,19,50,0.252698163484983,0.161157093027836,,,,291.0-109.0
110.578063425926,19.95160625,111,19,50,0.439765378020781,0.311846322966576,,,,291.0-109.0
110.578063425926,19.95160625,111,19,50,-0.787660954447553,-0.59272561697429,,,,291.0-109.0
110.578063425926,19.95160625,111,19,50,0.634570561805764,0.654641069495565,,,,291.0-109.0
110.578063425926,19.95160625,111,19,50,0.589173270252716,0.489678215559605,,,,291.0-109.0
110.578063425926,19.95160625,111,19,50,0.947352657589718,0.677114434937997,,,,291.0-109.0
110.578063425926,19.95160625,111,19,50,-0.83683683378817,-0.556699901087688,,,,291.0-109.0
110.578063425926,19.95160625,111,19,50,0.703434872250033,0.549790671941515,,,,291.0-109.0
110.578063425926,19.95160625,111,19,50,-0.214725801394549,-0.0764266191705782,,,,291.0-109.0
110.578063425926,19.95160625,111,19,50,-0.887549459358182,-0.598438862749773,,,,291.0-109.0
110.578063425926,19.95160625,111,19,50,-0.0941906589078217,0.27293551286777,,,,291.0-109.0
110.578063425926,19.95160625,111,19,50,-0.204004736523598,0.0979697336039706,,,,291.0-109.0
110.578063425926,19.95160625,111,19,50,-0.289954049165251,-0.0345358104446935,,,,291.0-109.0
110.578063425926,19.95160625,111,19,50,-0.210025165869343,-0.0182122510861701,,,,291.0-109.0
110.616666666667,19.8833333333333,111,19,50,,,,2.60407351533502,,291.0-109.0
,,111,19,47,,,-0.289639654550702,,1,291.0-109.0
109.7,19.75,109,19,50,-0.60560353261958,-0.538584546376323,,,,289.0-109.0
109.7,19.75,109,19,50,-0.524913507955937,-0.307044347317157,,,,289.0-109.0
109.7,19.75,109,19,50,1.15874023715824,2.59320420185422,,,,289.0-109.0
109.7,19.75,109,19,50,-0.518909350040856,-0.184355715943177,,,,289.0-109.0
109.7,19.75,109,19,50,1.25685696406321,1.50714844743593,,,,289.0-109.0
109.7,19.75,109,19,50,-0.538972024049784,-0.355935305684232,,,,289.0-109.0
109.7,19.75,109,19,50,2.63268778387252,2.18670201970785,,,,289.0-109.0
109.7,19.75,109,19,50,0.246547562693925,0.651402930860025,,,,289.0-109.0
109.7,19.75,109,19,50,3.49523632338043,2.6079637364556,,,,289.0-109.0
109.7,19.75,109,19,50,1.84570376836904,1.61753746664209,,,,289.0-109.0
109.7,19.75,109,19,50,-0.139622301258939,0.156343541105369,,,,289.0-109.0
109.7,19.75,109,19,50,1.95597525398015,1.82939828623275,,,,289.0-109.0
109.607871296296,18.2482305555556,109,19,50,-0.882351279642,-0.389190382082969,,,,289.0-109.0
109.607871296296,18.2482305555556,109,19,50,-0.749893698320284,0.471859342240309,,,,289.0-109.0
109.607871296296,18.2482305555556,109,19,50,-0.896578205043222,-0.0952142767569195,,,,289.0-109.0
109.607871296296,18.2482305555556,109,19,50,-0.739774495590234,-0.537800446100624,,,,289.0-109.0
109.607871296296,18.2482305555556,109,19,50,-0.712616664240193,-0.419877914441673,,,,289.0-109.0
109.607871296296,18.2482305555556,109,19,50,-0.181234044467966,0.691607288133579,,,,289.0-109.0
109.607871296296,18.2482305555556,109,19,50,-0.719418935829351,-0.454040087237787,,,,289.0-109.0
109.607871296296,18.2482305555556,109,19,50,-0.778925998482838,-0.549008467688548,,,,289.0-109.0
109.607871296296,18.2482305555556,109,19,50,-0.627035447518898,-0.315392709076063,,,,289.0-109.0
109.607871296296,18.2482305555556,109,19,50,-0.669474592977199,-0.382533216997137,,,,289.0-109.0
109.607871296296,18.2482305555556,109,19,50,-0.899367941830595,-0.673065430916198,,,,289.0-109.0
109.607871296296,18.2482305555556,109,19,50,-0.956502629893245,-0.756103187564176,,,,289.0-109.0
109.607871296296,18.2482305555556,109,19,50,0.857250966239405,2.22077194541271,,,,289.0-109.0
109.607871296296,18.2482305555556,109,19,50,-0.694816532665119,-0.659904845896633,,,,289.0-109.0
109.607871296296,18.2482305555556,109,19,50,-0.0487544967148537,-0.0258137151000091,,,,289.0-109.0
109.255763888889,19.7674916666667,109,19,50,-0.714721407003605,-0.152389274931513,,,,289.0-109.0
109.255763888889,19.7674916666667,109,19,50,-0.618039222557186,0.223188168050059,,,,289.0-109.0
109.255763888889,19.7674916666667,109,19,50,-0.993037587114046,-0.496621532822141,,,,289.0-109.0
109.255763888889,19.7674916666667,109,19,50,-0.974821886520509,-0.473057735021042,,,,289.0-109.0
109.255763888889,19.7674916666667,109,19,50,-0.875808570578937,-0.232838779008768,,,,289.0-109.0
109.255763888889,19.7674916666667,109,19,50,-0.822939703720911,-0.342750874477811,,,,289.0-109.0
109.255763888889,19.7674916666667,109,19,50,-0.556847020809414,0.179386487983035,,,,289.0-109.0
109.255763888889,19.7674916666667,109,19,50,-0.622327906782244,0.308406909498509,,,,289.0-109.0
109.255763888889,19.7674916666667,109,19,50,-0.880963957539372,-0.255116137782111,,,,289.0-109.0
109.255763888889,19.7674916666667,109,19,50,-0.750903340592996,-0.436190275079241,,,,289.0-109.0
109.255763888889,19.7674916666667,109,19,50,-0.760849252586473,-0.510158776032922,,,,289.0-109.0
109.255763888889,19.7674916666667,109,19,50,0.288291918062866,1.05214821120007,,,,289.0-109.0
109.255763888889,19.7674916666667,109,19,50,-0.597870535196431,-0.294573907202564,,,,289.0-109.0
109.255763888889,19.7674916666667,109,19,50,-0.669851276597075,-0.394764497986245,,,,289.0-109.0
109.255763888889,19.7674916666667,109,19,50,-0.70383822739687,-0.475822358731098,,,,289.0-109.0
109.255763888889,19.7674916666667,109,19,50,-0.782734326829789,-0.483680444282759,,,,289.0-109.0
109.255763888889,19.7674916666667,109,19,50,-0.79772438232916,-0.461472811201978,,,,289.0-109.0
109.255763888889,19.7674916666667,109,19,50,-0.703919584550191,-0.468135101126212,,,,289.0-109.0
109.255763888889,19.7674916666667,109,19,50,2.69015847697839,3.04310522387884,,,,289.0-109.0
109.255763888889,19.7674916666667,109,19,50,3.8781356297698,3.48999113264288,,,,289.0-109.0
109.255763888889,19.7674916666667,109,19,50,4.13685137733018,3.48781307632149,,,,289.0-109.0
109.255763888889,19.7674916666667,109,19,50,-0.415711868910993,-0.153470023166213,,,,289.0-109.0
109.255763888889,19.7674916666667,109,19,50,3.47069900593886,3.02576618728115,,,,289.0-109.0
109.255763888889,19.7674916666667,109,19,50,-0.368138273506611,-0.127162519362826,,,,289.0-109.0
109.255763888889,19.7674916666667,109,19,50,1.4946557875048,1.89082801589313,,,,289.0-109.0
109.255763888889,19.7674916666667,109,19,50,2.18055760786476,0.884267046506699,,,,289.0-109.0
109.255763888889,19.7674916666667,109,19,50,1.34723662568737,0.00399063677386778,,,,289.0-109.0
109.550447222222,19.8549722222222,109,19,50,-0.280222106485008,-0.113156336006723,,,,289.0-109.0
109.550447222222,19.8549722222222,109,19,50,-0.268967971466131,0.154283356067259,,,,289.0-109.0
109.550447222222,19.8549722222222,109,19,50,-0.165564656738366,0.35579712692174,,,,289.0-109.0
109.550447222222,19.8549722222222,109,19,50,0.275089460015628,0.330314722101277,,,,289.0-109.0
109.550447222222,19.8549722222222,109,19,50,-0.067342798311933,0.0924083348922876,,,,289.0-109.0
109.550447222222,19.8549722222222,109,19,50,-0.211164166015835,0.0706182812369565,,,,289.0-109.0
109.550447222222,19.8549722222222,109,19,50,-0.101241612195631,0.100437248390724,,,,289.0-109.0
109.550447222222,19.8549722222222,109,19,50,-0.667288526267467,-0.419904677486668,,,,289.0-109.0
109.550447222222,19.8549722222222,109,19,50,-0.5727063156901,-0.279161430226842,,,,289.0-109.0
109.550447222222,19.8549722222222,109,19,50,-0.783222469749714,-0.573099383978112,,,,289.0-109.0
109.550447222222,19.8549722222222,109,19,50,-0.44615978354133,-0.195512678955898,,,,289.0-109.0
109.550447222222,19.8549722222222,109,19,50,1.39272883391929,1.23739213859485,,,,289.0-109.0
109.550447222222,19.8549722222222,109,19,50,-0.224493270031742,-0.0230155533318305,,,,289.0-109.0
109.550447222222,19.8549722222222,109,19,50,-0.378770839874116,0.124210804316946,,,,289.0-109.0
109.550447222222,19.8549722222222,109,19,50,-0.247565345142009,0.056762806091676,,,,289.0-109.0
109.550447222222,19.8549722222222,109,19,50,-0.188778781438331,0.110389115143361,,,,289.0-109.0
109.550447222222,19.8549722222222,109,19,50,-0.208416038892544,-0.0236766574858508,,,,289.0-109.0
109.550447222222,19.8549722222222,109,19,50,0.164261310682126,0.29582114308842,,,,289.0-109.0
109.550447222222,19.8549722222222,109,19,50,0.0898829739731161,0.154498599280196,,,,289.0-109.0
,,109,19,48,,,-0.815826435603148,-0.151782382293491,1,289.0-109.0
104.469166666667,-2.07444444444444,105,-3,30,4.58960393556085,0.18186523635359,,,,285.0-087.0
104.469166666667,-2.07444444444444,105,-3,30,3.07245574043318,-0.00570384920562737,,,,285.0-087.0
104.469166666667,-2.07444444444444,105,-3,30,5.09483185768348,0.0711687268432323,,,,285.0-087.0
104.469166666667,-2.07444444444444,105,-3,30,2.71952840932722,0.0619440177173691,,,,285.0-087.0
104.469166666667,-2.07444444444444,105,-3,30,2.1894051982884,-0.113325455674031,,,,285.0-087.0
104.469166666667,-2.07444444444444,105,-3,30,2.57454996210943,-0.193272934764845,,,,285.0-087.0
104.469166666667,-2.07444444444444,105,-3,10,-0.99865621174339,-0.851302185743084,,,,285.0-087.0
104.469166666667,-2.07444444444444,105,-3,10,-0.85074890700604,-0.709856645813182,,,,285.0-087.0
104.469166666667,-2.07444444444444,105,-3,50,1.19945135668,-0.56841110588328,,,,285.0-087.0
104.469166666667,-2.07444444444444,105,-3,50,0.637110712926116,-0.297819638191294,,,,285.0-087.0
104.469166666667,-2.07444444444444,105,-3,50,-0.0248110864925203,-0.47001420854074,,,,285.0-087.0
104.469166666667,-2.07444444444444,105,-3,50,-0.469997429464346,-0.700631936687319,,,,285.0-087.0
104.469166666667,-2.07444444444444,105,-3,50,0.934389751160592,-0.396216535533834,,,,285.0-087.0
104.469166666667,-2.07444444444444,105,-3,50,1.74568328407635,-0.368542408156245,,,,285.0-087.0
104.469166666667,-2.07444444444444,105,-3,50,2.61555396738315,-0.128699970883803,,,,285.0-087.0
104.469166666667,-2.07444444444444,105,-3,50,0.00887077498232181,-0.537662075463736,,,,285.0-087.0
104.469166666667,-2.07444444444444,105,-3,50,1.45426196088098,-0.522287560253964,,,,285.0-087.0
104.469166666667,-2.07444444444444,105,-3,50,2.01806703339464,-0.205572546932663,,,,285.0-087.0
104.469166666667,-2.07444444444444,105,-3,50,0.240250519026889,-0.134849776967712,,,,285.0-087.0
104.469166666667,-2.07444444444444,105,-3,50,1.46304853343964,0.390958643206489,,,,285.0-087.0
104.469166666667,-2.07444444444444,105,-3,10,-0.540290009933582,-0.676032712351684,,,,285.0-087.0
104.469166666667,-2.07444444444444,105,-3,10,-0.311839123408566,-0.728306064064908,,,,285.0-087.0
104.469166666667,-2.07444444444444,105,-3,10,-0.147823102313683,0.0588691146754148,,,,285.0-087.0
104.469166666667,-2.07444444444444,105,-3,10,0.578533562535086,-0.473089111582694,,,,285.0-087.0
104.469166666667,-2.07444444444444,105,-3,10,-0.169789533710319,-0.0364528796251712,,,,285.0-087.0
104.469166666667,-2.07444444444444,105,-3,10,0.515563125864729,-0.543811881547645,,,,285.0-087.0
104.469166666667,-2.07444444444444,105,-3,30,3.25111604912582,0.987489833345639,,,,285.0-087.0
104.469166666667,-2.07444444444444,105,-3,30,3.55864608867873,0.458606510129485,,,,285.0-087.0
104.469166666667,-2.07444444444444,105,-3,30,0.596106707652395,-0.0518273948349432,,,,285.0-087.0
104.469166666667,-2.07444444444444,105,-3,30,-0.0145600851740902,-0.31626905644302,,,,285.0-087.0
104.469166666667,-2.07444444444444,105,-3,50,3.62015209658931,-0.0795015222125326,,,,285.0-087.0
104.469166666667,-2.07444444444444,105,-3,50,5.35989346320289,1.40567664705144,,,,285.0-087.0
104.469166666667,-2.07444444444444,105,-3,50,3.46638707681285,0.227988781982906,,,,285.0-087.0
104.469166666667,-2.07444444444444,105,-3,50,3.0651335966343,0.729197977821471,,,,285.0-087.0
104.469166666667,-2.07444444444444,105,-3,50,3.05341816655609,0.13266678768232,,,,285.0-087.0
104.469166666667,-2.07444444444444,105,-3,50,1.11451448861301,0.0311949872978253,,,,285.0-087.0
104.469166666667,-2.07444444444444,105,-3,50,2.8718290003439,0.437082188835804,,,,285.0-087.0
104.469166666667,-2.07444444444444,105,-3,50,1.13355206249009,-0.583785621093052,,,,285.0-087.0
104.469166666667,-2.07444444444444,105,-3,50,5.71428522306862,0.0250451812139165,,,,285.0-087.0
105.509444444444,-3.0175,105,-3,50,0.653219429283649,,,,,285.0-087.0
105.509444444444,-3.0175,105,-3,50,0.323722958334107,,,,,285.0-087.0
105.509444444444,-3.0175,105,-3,50,1.46304853343964,,,,,285.0-087.0
105.509444444444,-3.0175,105,-3,50,-0.811209330492095,,,,,285.0-087.0
105.509444444444,-3.0175,105,-3,50,1.8877328737746,,,,,285.0-087.0
105.509444444444,-3.0175,105,-3,50,-0.528574579855376,,,,,285.0-087.0
104.76,-2.3925,105,-3,50,-1.02412043123275,,,,,285.0-087.0
104.789444444444,-2.38361111111111,105,-3,50,-1.02394543199596,,,,,285.0-087.0
104.81,-2.36805555555556,105,-3,50,-1.02527513330983,,,,,285.0-087.0
104.832777777778,-2.34555555555556,105,-3,50,-1.02496247776962,,,,,285.0-087.0
104.8425,-2.31472222222222,105,-3,50,-1.02567858343315,,,,,285.0-087.0
,,105,-3,50,,,0.274670896200322,-0.801064340775073,1,285.0-087.0
114,22.5333333333333,115,23,50,-0.355039771821951,,,,,295.0-113.0
114,22.5333333333333,115,23,50,-0.366755201900157,,,,,295.0-113.0
114.083333333333,22.5166666666667,115,23,50,-0.69259060095026,-0.591780369002134,,,,295.0-113.0
114.083333333333,22.5166666666667,115,23,50,-0.811209330492095,-0.733225908932035,,,,295.0-113.0
114.083333333333,22.5166666666667,115,23,50,-0.767276467698822,-0.588090485351788,,,,295.0-113.0
114.083333333333,22.5166666666667,115,23,21,-0.535457395026322,-0.435267804166655,,,,295.0-113.0
114.083333333333,22.5166666666667,115,23,21,-0.952014155744532,-0.772123432412758,,,,295.0-113.0
114.083333333333,22.5166666666667,115,23,21,-0.964535021640615,-0.837926357510582,,,,295.0-113.0
114.002444444444,22.5286027777778,115,23,30,1.32248533893256,1.3151515014963,,,,295.0-113.0
114.001958333333,22.5284111111111,115,23,18,0.0486007272350376,-0.0592994092268923,,,,295.0-113.0
114.001897222222,22.5281944444444,115,23,18,-0.57197292615133,-0.50845049656517,,,,295.0-113.0
114.083333333333,22.5166666666667,115,23,50,-0.727561159733704,-0.740851668476082,,,,295.0-113.0
114.083333333333,22.5166666666667,115,23,23,0.27864198339317,0.253276784599939,,,,295.0-113.0
114.083333333333,22.5166666666667,115,23,21,0.156994082961739,-0.387360814773006,,,,295.0-113.0
114.083333333333,22.5166666666667,115,23,21,-0.318132506003702,-0.32413465842434,,,,295.0-113.0
114.05,22.5333333333333,115,23,6,,-0.745218030795657,,,,295.0-113.0
114.05,22.5333333333333,115,23,5,,-0.790419105512387,,,,295.0-113.0
114.05,22.5333333333333,115,23,6,,-0.727229848000224,,,,295.0-113.0
114.05,22.5333333333333,115,23,5,-0.69259060095026,-0.547963000654283,,,,295.0-113.0
114.04,22.49,115,23,11,-0.230563327241012,,,,,295.0-113.0
114.04,22.49,115,23,18,-0.0540996616880351,,,,,295.0-113.0
114.04,22.49,115,23,13,0.209497515071599,,,,,295.0-113.0
114.04,22.49,115,23,13,-0.128785528436598,,,,,295.0-113.0
114.04,22.49,115,23,11,0.192656584334178,,,,,295.0-113.0
114.04,22.49,115,23,13,0.0161929187812005,,,,,295.0-113.0
114.04,22.49,115,23,10,-0.499286004659861,,,,,295.0-113.0
114.04,22.49,115,23,18,-0.119266741498056,,,,,295.0-113.0
114.04,22.49,115,23,18,0.147991507161017,,,,,295.0-113.0
114.04,22.49,115,23,18,0.831147523596402,,,,,295.0-113.0
114.04,22.49,115,23,18,-0.311839123408566,,,,,295.0-113.0
114.04,22.49,115,23,18,-0.294265978291257,,,,,295.0-113.0
114.04,22.49,115,23,18,-0.325018982246548,,,,,295.0-113.0
114.04,22.49,115,23,18,-0.0877815231628774,,,,,295.0-113.0
114.04,22.49,115,23,18,-0.256190830537088,,,,,295.0-113.0
114.04,22.49,115,23,18,-0.335269983564978,,,,,295.0-113.0
114.083333333333,22.5333333333333,115,23,22,-0.664693233076532,-0.497842081070427,,,,295.0-113.0
114.083333333333,22.5333333333333,115,23,22,-0.887945397504344,-0.738453244103358,,,,295.0-113.0
114.002444444444,22.5286027777778,115,23,30,,,1.98475503936106,,,295.0-113.0
114.001958333333,22.5284111111111,115,23,18,,,0.126281514073406,,,295.0-113.0
114.001897222222,22.5281944444444,115,23,18,,,-1.17637925204342,,,295.0-113.0
114.029305555556,22.4981388888889,115,23,22,,,0.975396432359071,,,295.0-113.0
114.083333333333,22.5166666666667,115,23,50,,,,0.815021141524723,,295.0-113.0
114.083333333333,22.5166666666667,115,23,21,,,,1.06874509543125,,295.0-113.0
114.083333333333,22.5166666666667,115,23,21,,,,1.74633730174632,,295.0-113.0
114.002444444444,22.5286027777778,115,23,30,,,,5.31877057275019,,295.0-113.0
114.001958333333,22.5284111111111,115,23,18,,,,2.60392426595037,,295.0-113.0
114.001897222222,22.5281944444444,115,23,18,,,,0.135936441363143,,295.0-113.0
114.083333333333,22.5166666666667,115,23,23,,,,0.492642470678786,,295.0-113.0
,,115,23,50,,,,,1,295.0-113.0
105.065,8.6495,105,9,24,0.0469459227364911,,,,,285.0-099.0
105.074,8.6715,105,9,14,1.597775979339,,,,,285.0-099.0
105.072166666667,8.66933333333333,105,9,14,0.80771666343999,,,,,285.0-099.0
104.964166666667,8.59733333333333,105,9,20,1.26754729400957,,,,,285.0-099.0
104.928166666667,8.58883333333333,105,9,10,1.69955377814342,,,,,285.0-099.0
105.071666666667,8.70033333333333,105,9,39,2.80739413491377,,,,,285.0-099.0
105.258333333333,9.36666666666667,105,9,4,-0.784117398436244,,,,,285.0-099.0
105.258333333333,9.36666666666667,105,9,5,-0.976689780346754,,,,,285.0-099.0
105.258333333333,9.36666666666667,105,9,6,-0.59593830280506,,,,,285.0-099.0
105.258333333333,9.36666666666667,105,9,7,-0.690393957810596,,,,,285.0-099.0
105.258333333333,9.36666666666667,105,9,8,-0.717485889866447,,,,,285.0-099.0
105.258333333333,9.36666666666667,105,9,9,-0.476587358883337,,,,,285.0-099.0
105.258333333333,9.36666666666667,105,9,10,-0.0438486603696051,,,,,285.0-099.0
105.258333333333,9.36666666666667,105,9,11,-0.179308320648861,,,,,285.0-099.0
105.258333333333,9.36666666666667,105,9,12,-0.218115682782918,,,,,285.0-099.0
105.258333333333,9.36666666666667,105,9,14,0.231463946468235,,,,,285.0-099.0
105.258333333333,9.36666666666667,105,9,15,0.150920364680569,,,,,285.0-099.0
105.258333333333,9.36666666666667,105,9,16,0.478220192490448,,,,,285.0-099.0
105.258333333333,9.36666666666667,105,9,17,0.441609473496054,,,,,285.0-099.0
105.258333333333,9.36666666666667,105,9,18,0.623930854088134,,,,,285.0-099.0
105.258333333333,9.36666666666667,105,9,19,0.935121965540479,,,,,285.0-099.0
105.258333333333,9.36666666666667,105,9,20,1.13721313438953,,,,,285.0-099.0
105.258333333333,9.36666666666667,105,9,22,1.03836419310467,,,,,285.0-099.0
105.258333333333,9.36666666666667,105,9,23,1.53846661456809,,,,,285.0-099.0
105.258333333333,9.36666666666667,105,9,24,0.537529557261365,,,,,285.0-099.0
105.115833333333,8.64694444444444,105,9,50,0.0674479253733516,-0.565336202841326,,,,285.0-099.0
105.110555555556,8.64944444444444,105,9,50,0.187531083674963,-0.47001420854074,,,,285.0-099.0
105.078333333333,8.63805555555555,105,9,50,0.0323016351387336,-0.580710718051098,,,,285.0-099.0
105.116111111111,8.64972222222222,105,9,50,-0.402633706514662,-0.390066729449926,,,,285.0-099.0
105.097222222222,8.64444444444444,105,9,50,-0.69259060095026,-0.685257421477547,,,,285.0-099.0
105.088055555556,8.64111111111111,105,9,50,2.05907103866836,-0.220947062142434,,,,285.0-099.0
105.120555555556,8.65305555555556,105,9,50,-0.830246904369179,-0.752905288400543,,,,285.0-099.0
105.073611111111,8.47333333333333,105,9,50,-0.430457852950401,-0.636058972806277,,,,285.0-099.0
105.105,8.64472222222222,105,9,50,-0.286943834492378,-0.42081575986947,,,,285.0-099.0
105.2,8.8,105,9,6,-0.453156498726925,,,,,285.0-099.0
105.2,8.8,105,9,8,-0.367487416280044,,,,,285.0-099.0
105.2,8.8,105,9,35,1.35760966273578,,,,,285.0-099.0
104.825,8.60833333333333,105,9,50,0.265407427024344,0.517029667926619,,,,285.0-099.0
104.825,8.60833333333333,105,9,50,0.503876410075921,0.000445956878281385,,,,285.0-099.0
104.825,8.60833333333333,105,9,50,0.574296609609187,0.129591884640366,,,,285.0-099.0
,,105,9,49,,,-0.577911946768118,-0.907961198587719,1,285.0-099.0
109.774,21.538,109,21,50,-0.733521384785992,-0.544119371851841,,,,289.0-111.0
109.763,21.568,109,21,50,0.0954917361230569,-0.422660701694642,,,,289.0-111.0
109.755,21.565,109,21,50,-0.314987645242084,-0.25969084047106,,,,289.0-111.0
109.753,21.57,109,21,50,0.0623956461521253,0.0238152199971348,,,,289.0-111.0
109.768,21.555,109,21,50,0.954818532359463,0.903698725452383,,,,289.0-111.0
109.752,21.574,109,21,50,-0.356211314829771,-0.284443809958793,,,,289.0-111.0
109.755,21.566,109,21,50,-0.188094893207516,-0.23340041946235,,,,289.0-111.0
109.766,21.549,109,21,50,-0.365583658892336,-0.30750558277345,,,,289.0-111.0
109.774,21.538,109,21,50,-0.549003361054248,-0.363161327832825,,,,289.0-111.0
109.716666666667,21.4666666666667,109,21,50,0.410212120886462,0.608784774698537,,,,289.0-111.0
109.716666666667,21.4666666666667,109,21,44,-0.90331750619571,,,,,289.0-111.0
109.716666666667,21.4666666666667,109,21,30,-0.817805849840505,,,,,289.0-111.0
109.716666666667,21.4666666666667,109,21,32,-0.585845459792686,,,,,289.0-111.0
109.716666666667,21.4666666666667,109,21,36,-0.354709982465249,,,,,289.0-111.0
109.716666666667,21.4666666666667,109,21,40,-0.477077210303482,,,,,289.0-111.0
109.76,21.57,109,21,50,4.62621465455524,,,,,289.0-111.0
109.7562,21.5675138888889,109,21,50,-0.187971211164007,0.330318717481229,,,,289.0-111.0
109.7562,21.5675138888889,109,21,50,-0.331427865197546,0.275267425031803,,,,289.0-111.0
109.7562,21.5675138888889,109,21,50,-0.30215896489259,-0.0589437507334187,,,,289.0-111.0
109.7562,21.5675138888889,109,21,50,-0.543472923052909,-0.155188761448486,,,,289.0-111.0
109.7562,21.5675138888889,109,21,50,-0.419860990567521,0.0540392798513929,,,,289.0-111.0
109.7562,21.5675138888889,109,21,50,-0.27425421347898,0.28974389370098,,,,289.0-111.0
109.7562,21.5675138888889,109,21,50,-0.429739767835143,0.0131315554362334,,,,289.0-111.0
109.7562,21.5675138888889,109,21,50,-0.275286646342243,0.0498766474679481,,,,289.0-111.0
109.7562,21.5675138888889,109,21,50,-0.0667413596594747,0.217675516093577,,,,289.0-111.0
109.76,21.57,109,21,50,,,0.0827589029460167,,,289.0-111.0
109.7562,21.5675138888889,109,21,50,,,0.209337631198696,,,289.0-111.0
109.766666666667,21.5333333333333,109,21,50,,,-0.137291418914059,,,289.0-111.0
109.75,21.56,109,21,50,,,0.203111312361669,,,289.0-111.0
109.716666666667,21.4666666666667,109,21,50,,,,0.497269201602963,,289.0-111.0
109.716666666667,21.4666666666667,109,21,36,,,,-0.0845944493970226,,289.0-111.0
109.716666666667,21.4666666666667,109,21,44,,,,-1.5764017487366,,289.0-111.0
109.716666666667,21.4666666666667,109,21,40,,,,-1.02999975152966,,289.0-111.0
,,109,21,46,,,,,1,289.0-111.0
86.7416666666667,20.4166666666667,87,21,50,,,,,,267.0-111.0
86.7416666666667,20.4166666666667,87,21,50,,,,,,267.0-111.0
86.7416666666667,20.4166666666667,87,21,50,,,,,,267.0-111.0
86.7416666666667,20.4166666666667,87,21,50,,,,,,267.0-111.0
86.7416666666667,20.4166666666667,87,21,50,,,,,,267.0-111.0
86.7416666666667,20.4166666666667,87,21,50,,,,,,267.0-111.0
86.7416666666667,20.4166666666667,87,21,50,,,,,,267.0-111.0
86.7416666666667,20.4166666666667,87,21,50,,,,,,267.0-111.0
86.7416666666667,20.4166666666667,87,21,50,,,,,,267.0-111.0
86.7416666666667,20.4166666666667,87,21,50,,,,,,267.0-111.0
86.7416666666667,20.4166666666667,87,21,50,,,,,,267.0-111.0
86.7416666666667,20.4166666666667,87,21,50,,,,,,267.0-111.0
86.7416666666667,20.4166666666667,87,21,50,,,,,,267.0-111.0
86.7416666666667,20.4166666666667,87,21,50,,,,,,267.0-111.0
86.7416666666667,20.4166666666667,87,21,50,,,,,,267.0-111.0
86.7416666666667,20.4166666666667,87,21,50,,,,,,267.0-111.0
86.7416666666667,20.4166666666667,87,21,20,0.189727726814626,0.255047928752105,,,,267.0-111.0
86.7416666666667,20.4166666666667,87,21,20,0.162562573320786,0.390804898054391,,,,267.0-111.0
86.7416666666667,20.4166666666667,87,21,20,-0.458794549452062,-0.261535782296232,,,,267.0-111.0
86.7416666666667,20.4166666666667,87,21,20,-0.322163346164985,-0.11809155538906,,,,267.0-111.0
86.7416666666667,20.4166666666667,87,21,50,-0.0729907926891423,0.143582693481258,,,,267.0-111.0
86.7416666666667,20.4166666666667,87,21,50,-0.211891860553872,-0.00232145585947745,,,,267.0-111.0
86.7416666666667,20.4166666666667,87,21,50,-0.208084345778455,0.00167591809506322,,,,267.0-111.0
86.7416666666667,20.4166666666667,87,21,50,-0.246964929350501,-0.0390665472108324,,,,267.0-111.0
86.7416666666667,20.4166666666667,87,21,50,-0.362435137058818,-0.160371472215933,,,,267.0-111.0
86.7416666666667,20.4166666666667,87,21,50,-0.452936834412959,-0.255385976212324,,,,267.0-111.0
86.7416666666667,20.4166666666667,87,21,50,-0.0749677715148396,0.14143026135189,,,,267.0-111.0
86.7416666666667,20.4166666666667,87,21,50,-0.251138551315862,-0.0435251566216663,,,,267.0-111.0
86.7416666666667,20.4166666666667,87,21,50,-0.0309616872835784,0.187707552133304,,,,267.0-111.0
86.7416666666667,20.4166666666667,87,21,50,-0.34603353494933,-0.143152015180988,,,,267.0-111.0
86.7416666666667,20.4166666666667,87,21,50,-0.530039008615152,-0.336255926215724,,,,267.0-111.0
86.7416666666667,20.4166666666667,87,21,50,-0.523156193444206,-0.329029904067131,,,,267.0-111.0
86.7416666666667,20.4166666666667,87,21,50,-0.20954877453823,0.000138466574086007,,,,267.0-111.0
86.7416666666667,20.4166666666667,87,21,50,0.566012696639003,0.814372792083608,,,,267.0-111.0
86.7416666666667,20.4166666666667,87,21,50,0.456400203969789,0.699371418314513,,,,267.0-111.0
86.7416666666667,20.4166666666667,87,21,50,0.708501614965183,0.963966825074688,,,,267.0-111.0
86.6904444444445,20.4827777777778,87,21,5,-0.959263078105422,-0.787651692774628,,,,267.0-111.0
86.7346527777778,20.3802083333333,87,21,10,0.0500212231320202,-0.0579772009188519,,,,267.0-111.0
86.7070555555556,20.4810277777778,87,21,50,-0.373491574195125,-0.363007582680727,,,,267.0-111.0
,,87,21,42,,,-0.0696401534375186,-0.776952965894216,1,267.0-111.0
106.701,20.653,107,21,17,-0.976052753836251,-0.716790552172789,,,,287.0-111.0
106.701,20.653,107,21,17,-0.964271424463855,-0.678800125089443,,,,287.0-111.0
106.701,20.653,107,21,10,-0.945577991345318,-0.627649112986531,,,,287.0-111.0
106.701,20.653,107,21,10,-0.940913785745432,-0.615779987244587,,,,287.0-111.0
106.701,20.653,107,21,10,-0.928751704895495,-0.517137097658691,,,,287.0-111.0
106.701,20.653,107,21,10,-0.927506940449685,-0.539845256623524,,,,287.0-111.0
106.701,20.653,107,21,17,-0.932434743226331,-0.493321973598754,,,,287.0-111.0
106.701,20.653,107,21,17,-0.850639074849057,-0.200852570763263,,,,287.0-111.0
106.701,20.653,107,21,17,-0.819058668644493,-0.122442543193426,,,,287.0-111.0
106.701,20.653,107,21,17,-0.702980723000868,-0.109466452356378,,,,287.0-111.0
106.701,20.653,107,21,17,-0.693967163984449,0.625220131457783,,,,287.0-111.0
106.701,20.653,107,21,23,-0.49524418128288,0.399322379480604,,,,287.0-111.0
106.701,20.653,107,21,23,-0.443696288938774,0.456208085756761,,,,287.0-111.0
106.701,20.653,107,21,17,-0.412796842107506,1.03304452191219,,,,287.0-111.0
106.701,20.653,107,21,17,-0.384474789893443,1.23718733486755,,,,287.0-111.0
106.701,20.653,107,21,22,-0.369361885092557,0.601097517093651,,,,287.0-111.0
106.701,20.653,107,21,22,-0.340981255728103,0.555527454011887,,,,287.0-111.0
106.701,20.653,107,21,23,0.164085579230953,4.18060752274796,,,,287.0-111.0
,,107,21,46,,,-0.795834357351138,-0.286074710395195,1,287.0-111.0
124.994722222222,11.6080555555556,125,11,50,1.0061467603896,0.835589623073093,,,,305.0-101.0
124.994722222222,11.6080555555556,125,11,50,4.64495934268037,2.8505735864658,,,,305.0-101.0
124.994722222222,11.6080555555556,125,11,50,2.37275167901233,1.60815901236413,,,,305.0-101.0
124.994722222222,11.6080555555556,125,11,50,-0.662862697126812,-0.512755360823906,,,,305.0-101.0
124.994722222222,11.6080555555556,125,11,50,-0.636576200888837,-0.503838142002238,,,,305.0-101.0
124.994722222222,11.6080555555556,125,11,50,-0.441148182896764,-0.362238856920238,,,,305.0-101.0
124.994722222222,11.6080555555556,125,11,50,1.55018204464629,1.26991967774915,,,,305.0-101.0
124.994722222222,11.6080555555556,125,11,50,5.03706014311033,3.19250280473113,,,,305.0-101.0
124.994722222222,11.6080555555556,125,11,50,2.49415282319774,1.71993173793917,,,,305.0-101.0
124.994722222222,11.6080555555556,125,11,50,-0.541461552941403,-0.400982635248864,,,,305.0-101.0
124.994722222222,11.6080555555556,125,11,50,-0.723123940591584,-0.575944618336068,,,,305.0-101.0
124.994722222222,11.6080555555556,125,11,50,-0.303931208105777,-0.247237483151145,,,,305.0-101.0
124.15,10.1583333333333,125,11,15,1.25802850707103,1.47024961093248,,,,305.0-101.0
124.15,10.1583333333333,125,11,20,0.578533562535086,0.879868226877236,,,,305.0-101.0
124.15,10.1583333333333,125,11,40,3.05122152341643,3.24446866614016,,,,305.0-101.0
124.15,10.1583333333333,125,11,50,0.703742221495912,0.48320573446512,,,,305.0-101.0
124.1659,10.201,125,11,50,-0.05863939084334,,,,,305.0-101.0
124.1191,10.0876,125,11,50,0.0542680665353698,,,,,305.0-101.0
,,125,11,48,,,0.558397971318352,-0.415097032127931,1,305.0-101.0
88.0298,21.5179666666667,89,21,12,0.215428451548691,,,,,269.0-111.0
88.0298,21.5179666666667,89,21,12,0.294361161700603,,,,,269.0-111.0
88.0298,21.5179666666667,89,21,12,0.313618399891654,,,,,269.0-111.0
88.0298,21.5179666666667,89,21,12,-0.853604543087602,,,,,269.0-111.0
88.0298,21.5179666666667,89,21,12,-0.843573206083139,,,,,269.0-111.0
88.0298,21.5179666666667,89,21,12,-0.844964413404926,,,,,269.0-111.0
88.0298,21.5179666666667,89,21,12,-0.684609464209482,,,,,269.0-111.0
88.0298,21.5179666666667,89,21,12,-0.665791554646363,,,,,269.0-111.0
88.0298,21.5179666666667,89,21,12,-0.66659699046424,,,,,269.0-111.0
88.338,21.688,89,21,50,-0.524181293576049,-0.613919670904205,,,,269.0-111.0
88.338,21.688,89,21,50,-0.464871928805131,-0.584861837157736,,,,269.0-111.0
88.338,21.688,89,21,50,-0.449495426827486,-0.577328324704948,,,,269.0-111.0
88.338,21.688,89,21,50,-0.524913507955937,-0.62299063487797,,,,269.0-111.0
88.338,21.688,89,21,50,-0.498553790279973,-0.594240291435697,,,,269.0-111.0
88.338,21.688,89,21,50,-0.308178051509127,-0.506913045044192,,,,269.0-111.0
88.338,21.688,89,21,50,-0.548344368112349,-0.62237565426958,,,,269.0-111.0
88.338,21.688,89,21,50,-0.366022987520269,-0.533510956357098,,,,269.0-111.0
88.338,21.688,89,21,50,-0.060689591107026,-0.388221787624753,,,,269.0-111.0
88.338,21.688,89,21,50,0.231463946468235,-0.248006208911633,,,,269.0-111.0
88.338,21.688,89,21,50,-0.227634469721461,-0.470629189149131,,,,269.0-111.0
88.6166666666667,21.8166666666667,89,21,50,,,-0.708308076905395,,,269.0-111.0
,,89,21,49,,,,-1.04740307753635,1,269.0-111.0
117.42,23.92,117,23,35,1.37518280785309,,,,,297.0-113.0
117.414727777778,23.9240638888889,117,23,50,-0.530076864324793,-0.257758756707451,,,,297.0-113.0
117.414727777778,23.9240638888889,117,23,50,-0.174858778820566,0.536391421858877,,,,297.0-113.0
117.414727777778,23.9240638888889,117,23,50,-0.381197245005086,0.0259003144513017,,,,297.0-113.0
117.414727777778,23.9240638888889,117,23,50,0.0910531945863446,0.341840646933717,,,,297.0-113.0
117.414727777778,23.9240638888889,117,23,50,-0.0531342798093582,0.225630397139508,,,,297.0-113.0
117.414727777778,23.9240638888889,117,23,50,-0.0594065768541503,0.225424523652366,,,,297.0-113.0
117.414727777778,23.9240638888889,117,23,50,0.197722394474468,0.482244204174037,,,,297.0-113.0
117.414727777778,23.9240638888889,117,23,50,-0.214065109200326,0.13952546871893,,,,297.0-113.0
117.414727777778,23.9240638888889,117,23,50,-0.295769077957601,0.172356559560116,,,,297.0-113.0
117.414727777778,23.9240638888889,117,23,50,-0.0822148759350391,0.283719008674302,,,,297.0-113.0
117.414727777778,23.9240638888889,117,23,50,-0.0431519760079774,0.339758906296834,,,,297.0-113.0
117.414727777778,23.9240638888889,117,23,50,-0.403263085195555,0.200044094766477,,,,297.0-113.0
117.414727777778,23.9240638888889,117,23,50,-0.424505289063638,0.45105205988352,,,,297.0-113.0
117.414727777778,23.9240638888889,117,23,50,-0.361895639059844,0.702227664852968,,,,297.0-113.0
117.45,23.9166666666667,117,23,50,,,-0.0119462988671804,,,297.0-113.0
117.42,23.92,117,23,35,,,-0.044907423027656,,,297.0-113.0
117.4,23.92,117,23,50,,,0.417937650153287,,,297.0-113.0
,,117,23,12,,,,0.273101722606889,1,297.0-113.0
-80.552,25.233,-81,25,50,0.312739742635789,,,,,099.0-115.0
-80.552,25.233,-81,25,50,3.02779066326002,,,,,099.0-115.0
-81.669,25.907,-81,25,50,-0.111212383319289,,,,,099.0-115.0
-81.669,25.907,-81,25,50,,,,,,099.0-115.0
-81.669,25.907,-81,25,50,,,,,,099.0-115.0
-81.669,25.907,-81,25,50,,,,,,099.0-115.0
-81.673,25.932,-81,25,50,-0.305981408369463,,,,,099.0-115.0
-81.673,25.932,-81,25,50,,,,,,099.0-115.0
-81.673,25.932,-81,25,50,,,,,,099.0-115.0
-81.673,25.932,-81,25,50,,,,,,099.0-115.0
-81.673,25.932,-81,25,50,-0.537361152414031,,,,,099.0-115.0
-81.673,25.932,-81,25,50,,,,,,099.0-115.0
-81.673,25.932,-81,25,50,,,,,,099.0-115.0
-81.673,25.932,-81,25,50,,,,,,099.0-115.0
-81.673,25.932,-81,25,50,,,,,,099.0-115.0
-81.673,25.932,-81,25,50,,,,,,099.0-115.0
-81.673,25.932,-81,25,50,,,,,,099.0-115.0
-81.673,25.932,-81,25,50,,,,,,099.0-115.0
-80.9654,25.40888,-81,25,10,,,,,,099.0-115.0
-81.03092,25.37283,-81,25,30,,,,,,099.0-115.0
-81.0802,25.36623,-81,25,50,,,,,,099.0-115.0
-80.3333333333333,25.45,-81,25,50,-0.863342994340111,,,,,099.0-115.0
-80.3333333333333,25.45,-81,25,50,-0.616293862565943,,,,,099.0-115.0
-80.9654,25.40888,-81,25,50,,-0.365774995418486,,,,099.0-115.0
-81.03092,25.37283,-81,25,50,,-0.182664519270102,,,,099.0-115.0
-81.0802,25.36623,-81,25,50,,-0.468169266715567,,,,099.0-115.0
-80.64898,25.21289,-81,25,50,,-0.487848646184075,,,,099.0-115.0
-80.63778,25.1941,-81,25,50,,-0.13900089607435,,,,099.0-115.0
-80.52298,25.23472,-81,25,50,,-0.187430618985132,,,,099.0-115.0
-80.75,25.1666666666667,-81,25,50,-0.934953560693145,,,,,099.0-115.0
-81.0605388888889,25.4233916666667,-81,25,50,-0.162936007114568,,,,,099.0-115.0
-81.0605388888889,25.4233916666667,-81,25,50,-0.45678095990737,,,,,099.0-115.0
-81.0583333333333,25.3708333333333,-81,25,50,-0.655818209020787,,,,,099.0-115.0
-81.0583333333333,25.3708333333333,-81,25,50,-0.184606550680292,,,,,099.0-115.0
-81.0583333333333,25.3708333333333,-81,25,50,-0.425669097684497,,,,,099.0-115.0
-81.0583333333333,25.3708333333333,-81,25,50,-0.556810377215488,,,,,099.0-115.0
-81.0583333333333,25.3708333333333,-81,25,50,0.207734855394895,,,,,099.0-115.0
-81.0583333333333,25.3708333333333,-81,25,50,-0.874586439029041,,,,,099.0-115.0
-81.0583333333333,25.3708333333333,-81,25,50,-0.847069310082789,,,,,099.0-115.0
-81.0583333333333,25.3708333333333,-81,25,50,-0.998192427155169,,,,,099.0-115.0
-81.0583333333333,25.3708333333333,-81,25,50,-0.350644508563798,,,,,099.0-115.0
-81.0583333333333,25.3708333333333,-81,25,50,-0.992198739905721,,,,,099.0-115.0
-81.0583333333333,25.3708333333333,-81,25,50,-0.714698056836462,,,,,099.0-115.0
-81.0583333333333,25.3708333333333,-81,25,50,-0.797102048920547,,,,,099.0-115.0
-81.0779,25.3646,-81,25,50,,,0.298670225809854,,,099.0-115.0
-81.66,25.93,-81,25,50,,,-1.56395202222676,,,099.0-115.0
-81.66,25.93,-81,25,50,,,-1.29392122326121,,,099.0-115.0
,,-81,25,50,,,,-0.679694185838167,1,099.0-115.0
89.62956,22.25585,89,23,10,0.486274550669214,0.790696038660559,,,,269.0-113.0
89.62878,22.31942,89,23,30,-0.204935823944937,0.135741690724274,,,,269.0-113.0
89.585,22.437,89,23,50,-0.644557337629615,-0.238166519177379,,,,269.0-113.0
89.549,22.441,89,23,50,0.123828432624718,0.385116327426775,,,,269.0-113.0
89.549,22.441,89,23,50,-0.0120705562824714,0.898317645128963,,,,269.0-113.0
89.591,22.429,89,23,50,0.500186623887084,0.745802454248025,,,,269.0-113.0
89.591,22.429,89,23,50,1.27691963807214,1.31435202670539,,,,269.0-113.0
89.585,22.437,89,23,50,-0.651879481428494,-0.659735726229325,,,,269.0-113.0
88.6769,22.3104,89,23,12,-0.769912439466419,,,,,269.0-113.0
88.6769,22.3104,89,23,12,-0.765226267435136,,,,,269.0-113.0
88.6769,22.3104,89,23,12,-0.774818275811667,,,,,269.0-113.0
88.6769,22.3104,89,23,12,-0.91716075126187,,,,,269.0-113.0
88.6769,22.3104,89,23,12,-0.911156593346789,,,,,269.0-113.0
88.6769,22.3104,89,23,12,-0.912840686420531,,,,,269.0-113.0
88.6769,22.3104,89,23,12,-0.844744749090959,,,,,269.0-113.0
88.6769,22.3104,89,23,12,-0.835884955094316,,,,,269.0-113.0
88.6769,22.3104,89,23,12,-0.836690390912193,,,,,269.0-113.0
89.4583333333333,22,89,23,50,-0.781261762354681,,,,,269.0-113.0
89.4583333333333,22,89,23,50,-0.921334373227231,,,,,269.0-113.0
89.4583333333333,22,89,23,50,1.20779860061072,1.06036503543996,,,,269.0-113.0
89.4583333333333,22,89,23,50,,,,,,269.0-113.0
89.4583333333333,22,89,23,50,-0.363972787256583,-0.497073355309938,,,,269.0-113.0
,,89,23,49,,,0.00647814379265271,-1.51392715915413,1,269.0-113.0
152.814,-25.493,153,-25,50,-0.780364067524938,-0.639186149199944,,,,333.0-065.0
152.814,-25.493,153,-25,50,-0.750780409934329,-0.225076656927779,,,,333.0-065.0
152.814,-25.493,153,-25,50,-0.685040738479236,0.0924070821540112,,,,333.0-065.0
152.814,-25.493,153,-25,50,0.421037178278724,0.292560208412427,,,,333.0-065.0
152.814,-25.493,153,-25,50,0.779321389787938,0.2338956707265,,,,333.0-065.0
152.814,-25.493,153,-25,50,-0.118031495839185,0.392637540267396,,,,333.0-065.0
152.814,-25.493,153,-25,50,-0.959512030994584,-0.521853998925049,,,,333.0-065.0
152.814,-25.493,153,-25,50,0.665343434985832,-0.129613217087263,,,,333.0-065.0
152.814,-25.493,153,-25,50,-0.407043101510347,-0.352843490675547,,,,333.0-065.0
152.814,-25.493,153,-25,50,-0.591937483433353,-0.689308606235322,,,,333.0-065.0
152.814,-25.493,153,-25,50,-0.55649903966116,0.501256952772913,,,,333.0-065.0
152.814,-25.493,153,-25,50,-0.44248081306816,0.66948797310128,,,,333.0-065.0
152.814,-25.493,153,-25,50,0.195403852687517,-0.372255353579405,,,,333.0-065.0
152.814,-25.493,153,-25,50,-0.955562466629469,-0.372255353579405,,,,333.0-065.0
,,153,-25,49,,,-0.19806156787674,0.958790952933853,1,333.0-065.0
54.4099,24.45043,55,25,50,-0.83683683378817,-0.383916923366017,,,,235.0-115.0
54.44104,24.45277,55,25,50,-0.929095845654042,-0.413128502264584,,,,235.0-115.0
54.53295,24.50343,55,25,50,-0.91591598681606,-0.0287656220202853,,,,235.0-115.0
54.46957,24.51936,55,25,50,-0.973028708447314,-0.70524429125025,,,,235.0-115.0
54.67267,24.65586,55,25,50,-0.959116635229445,-0.611459748470642,,,,235.0-115.0
55.32697,25.19062,55,25,50,-0.00138022633610843,0.530866731615413,,,,235.0-115.0
55.47844,25.4354,55,25,50,-0.352110914302399,1.12124811567066,,,,235.0-115.0
55.59277,25.53317,55,25,50,-0.800958329173665,-0.142537034572598,,,,235.0-115.0
55.60479,25.56217,55,25,50,-0.494892718380534,1.15814695217411,,,,235.0-115.0
55.94654,25.77278,55,25,50,-0.0423842316098292,1.07666202156232,,,,235.0-115.0
54.52557,24.50666,55,25,3,-1.01915821438025,-0.847202315020478,,,,235.0-115.0
54.53364,24.48395,55,25,7,-0.96607267183838,-0.742143127753703,,,,235.0-115.0
54.54018,24.48556,55,25,10,-0.940445168542305,-0.694738372523573,,,,235.0-115.0
,,55,25,47,,,-1.51784544564242,-1.31436027068065,1,235.0-115.0
100.631027777778,4.83825,101,5,10,,,,,,281.0-095.0
100.631027777778,4.83825,101,5,20,,,,,,281.0-095.0
100.599297509188,4.84509511276942,101,5,15,0.716189865954006,,,,,281.0-095.0
100.583981077389,4.84399273744878,101,5,50,0.188995512434738,,,,,281.0-095.0
100.646944444444,4.79777777777778,101,5,50,3.05781145283542,,,,,281.0-095.0
100.646944444444,4.79777777777778,101,5,50,1.81304700702604,,,,,281.0-095.0
100.646944444444,4.79777777777778,101,5,50,1.1877359266018,,,,,281.0-095.0
100.646944444444,4.79777777777778,101,5,50,1.08961919969682,,,,,281.0-095.0
100.646944444444,4.79777777777778,101,5,50,0.76305158626683,,,,,281.0-095.0
100.646944444444,4.79777777777778,101,5,50,1.18334264032247,,,,,281.0-095.0
100.646944444444,4.79777777777778,101,5,50,0.858239455652253,,,,,281.0-095.0
100.646944444444,4.79777777777778,101,5,50,0.0271761344795186,,,,,281.0-095.0
100.646944444444,4.79777777777778,101,5,50,1.60290147999822,,,,,281.0-095.0
100.617,4.83783333333333,101,5,50,3.19107446997501,,,,,281.0-095.0
100.612,4.85066666666667,101,5,18,1.55091425902618,,,,,281.0-095.0
100.6155,4.8595,101,5,5,-0.250333115497985,,,,,281.0-095.0
100.583333333333,4.8,101,5,50,1.96827645556227,,,,,281.0-095.0
100.583333333333,4.83333333333333,101,5,5,-0.90932605739707,,,,,281.0-095.0
100.583333333333,4.83333333333333,101,5,10,0.29150552561904,,,,,281.0-095.0
100.583333333333,4.83333333333333,101,5,15,0.437948401596615,,,,,281.0-095.0
100.583333333333,4.83333333333333,101,5,25,1.17016278148449,,,,,281.0-095.0
100.6,4.83333333333333,101,5,20,0.558031559898226,-0.679107615393638,,,,281.0-095.0
100.612,4.85066666666667,101,5,18,,,6.71169775783506,,,281.0-095.0
100.6155,4.8595,101,5,5,,,3.32307596689484,,,281.0-095.0
100.617,4.83783333333333,101,5,50,,,12.6417858919804,,,281.0-095.0
100.612,4.85066666666667,101,5,18,,,,8.00786101128784,,281.0-095.0
100.6155,4.8595,101,5,5,,,,3.65021474410837,,281.0-095.0
,,101,5,50,,,,,1,281.0-095.0
103.988472222222,1.41138888888889,103,1,50,0.247572662825768,0.354059806703036,,,,283.0-091.0
103.988472222222,1.41138888888889,103,1,50,3.08563559927116,2.85395597981195,,,,283.0-091.0
103.988472222222,1.41138888888889,103,1,50,2.22162263100347,1.53482257481352,,,,283.0-091.0
103.988472222222,1.41138888888889,103,1,50,1.2419197907135,0.277187230654176,,,,283.0-091.0
103.988472222222,1.41138888888889,103,1,50,0.430626257797736,0.461681413171439,,,,283.0-091.0
103.988472222222,1.41138888888889,103,1,50,0.354475962289397,0.329460582367401,,,,283.0-091.0
103.988472222222,1.41138888888889,103,1,50,1.35907409149556,0.732272880863426,,,,283.0-091.0
103.988472222222,1.41138888888889,103,1,50,-0.0409198028500533,-0.190198031722891,,,,283.0-091.0
103.988472222222,1.41138888888889,103,1,50,0.298827669417919,0.43400728579385,,,,283.0-091.0
103.988472222222,1.41138888888889,103,1,50,0.720583152233333,0.473981025339257,,,,283.0-091.0
103.633333333333,0.675,103,1,50,-0.369830502295685,,,,,283.0-091.0
103.633333333333,0.675,103,1,50,-0.712067503455277,,,,,283.0-091.0
103.633333333333,0.675,103,1,50,-0.470070650902335,,,,,283.0-091.0
103.633333333333,0.675,103,1,50,0.282792174498375,,,,,283.0-091.0
103.633333333333,0.675,103,1,50,1.016617426022,,,,,283.0-091.0
103.633333333333,0.675,103,1,50,-0.728469105564765,,,,,283.0-091.0
,,103,1,50,,,0.351286997754516,-0.478347400946891,1,283.0-091.0
110.166666666667,21,111,21,4,-0.738720106883195,-0.725231161022954,,,,291.0-111.0
110.166666666667,21,111,21,5,-0.590080587765957,-0.671420357788752,,,,291.0-111.0
110.166666666667,21,111,21,8,-0.467068571944795,-0.55764894523644,,,,291.0-111.0
110.166666666667,21,111,21,10,-0.425332352291186,-0.457714596372922,,,,291.0-111.0
110.162408333333,20.9400222222222,111,21,50,-0.531700811469664,-0.565507321195611,,,,291.0-111.0
110.162408333333,20.9400222222222,111,21,50,-0.455415892638945,-0.458449651945101,,,,291.0-111.0
110.162408333333,20.9400222222222,111,21,50,-0.202591932493478,-0.464375758832708,,,,291.0-111.0
110.162408333333,20.9400222222222,111,21,50,-0.715007051304775,-0.696302319459095,,,,291.0-111.0
110.162408333333,20.9400222222222,111,21,50,-0.422835501255769,-0.504351035829636,,,,291.0-111.0
110.162408333333,20.9400222222222,111,21,50,-0.962860081246622,-0.755077092419076,,,,291.0-111.0
110.162408333333,20.9400222222222,111,21,50,-0.936469683788141,-0.733575064172449,,,,291.0-111.0
110.162408333333,20.9400222222222,111,21,50,-0.882561132283276,-0.633927757507898,,,,291.0-111.0
110.162408333333,20.9400222222222,111,21,20,,,0.17357492422887,,,291.0-111.0
110.15,20.93,111,21,50,,,0.467240402900572,,,291.0-111.0
,,111,21,44,,,,-0.285371080905377,1,291.0-111.0
36.276,-18.836,37,-19,5,-0.914451558056285,-0.714469000376114,,,,217.0-071.0
36.276,-18.836,37,-19,5,-0.917380415575836,-0.723693709501977,,,,217.0-071.0
36.276,-18.836,37,-19,5,-0.864660980223909,-0.659120745620935,,,,217.0-071.0
36.276,-18.836,37,-19,5,-0.971564279687539,-0.789804124903996,,,,217.0-071.0
36.276,-18.836,37,-19,5,-0.982547495385857,-0.802103737071814,,,,217.0-071.0
36.276,-18.836,37,-19,50,-0.215919039643255,-0.110250552632076,,,,217.0-071.0
36.276,-18.836,37,-19,50,0.388890038144127,0.394033546248443,,,,217.0-071.0
36.276,-18.836,37,-19,50,0.838469667395281,0.733810332384403,,,,217.0-071.0
36.276,-18.836,37,-19,50,1.6585497728697,1.3610905529431,,,,217.0-071.0
36.276,-18.836,37,-19,50,2.50718623915974,1.88997387615925,,,,217.0-071.0
36.2838888888889,-18.7166666666667,37,-19,50,0.0776989266917818,,,,,217.0-071.0
36.2838888888889,-18.7166666666667,37,-19,50,0.389622252524015,,,,,217.0-071.0
36.2838888888889,-18.7166666666667,37,-19,50,0.839201881775169,,,,,217.0-071.0
36.2838888888889,-18.7166666666667,37,-19,50,1.65781755848981,,,,,217.0-071.0
36.2838888888889,-18.7166666666667,37,-19,50,2.50718623915974,,,,,217.0-071.0
,,37,-19,49,,,0.160491870287648,0.446152211320097,1,217.0-071.0
-52.852,5.366,-53,5,5,-0.769473110838486,,,,,127.0-095.0
-52.853,5.363,-53,5,5,-0.612047019162594,,,,,127.0-095.0
-52.996,5.444,-53,5,5,-0.942861475995934,,,,,127.0-095.0
-52.852,5.36,-53,5,10,-0.576900728927976,,,,,127.0-095.0
-52.852,5.356,-53,5,10,-0.658908739475417,,,,,127.0-095.0
-52.993,5.444,-53,5,10,-0.491231646481095,,,,,127.0-095.0
-52.993,5.441,-53,5,10,-0.789316120533447,,,,,127.0-095.0
-52.908,5.38,-53,5,10,-0.919723501591477,,,,,127.0-095.0
-52.895,5.364,-53,5,30,0.29150552561904,,,,,127.0-095.0
-53.029,5.449,-53,5,30,0.543387272300468,,,,,127.0-095.0
-52.871,5.351,-53,5,30,0.649119028756277,,,,,127.0-095.0
-53.03,5.441,-53,5,50,2.13595354855659,,,,,127.0-095.0
-52.979,5.417,-53,5,30,-0.13171438595615,,,,,127.0-095.0
-53.028,5.46,-53,5,50,-0.22104454030247,,,,,127.0-095.0
-53.025,5.459,-53,5,50,-0.458281999386141,,,,,127.0-095.0
-52.9166666666667,5.425,-53,5,10,-0.795832828514449,,,,,127.0-095.0
-52.9166666666667,5.425,-53,5,10,-0.500750433419637,,,,,127.0-095.0
-52.9166666666667,5.425,-53,5,10,-0.769473110838486,,,,,127.0-095.0
-52.9166666666667,5.425,-53,5,1,0.29150552561904,,,,,127.0-095.0
-52.9166666666667,5.425,-53,5,50,1.27999493846767,,,,,127.0-095.0
-52.9166666666667,5.425,-53,5,50,0.354475962289397,,,,,127.0-095.0
-52.9166666666667,5.425,-53,5,50,-0.13171438595615,,,,,127.0-095.0
-52.9166666666667,5.425,-53,5,50,-0.201274752045497,,,,,127.0-095.0
-52.9166666666667,5.425,-53,5,50,0.0220506338203034,,,,,127.0-095.0
,,-53,5,42,,-0.195185172512401,1.29456676498488,0.976870917445019,1,127.0-095.0
138.17981,9.55631,139,9,10,0.909494462244404,1.61477005390433,,,,319.0-099.0
138.14933,9.5145,139,9,30,1.70760813632218,2.45729348739984,,,,319.0-099.0
138.09983,9.55278,139,9,50,2.90111757553942,4.99408849701221,,,,319.0-099.0
138.09072,9.54253,139,9,50,2.46618223388602,4.31760982778224,,,,319.0-099.0
138.12747,9.58842,139,9,50,5.10215400148236,7.232617911555,,,,319.0-099.0
138.127691666667,9.58786388888889,139,9,50,0.682508004479164,2.21745105012739,,,,319.0-099.0
138.127691666667,9.58786388888889,139,9,50,2.09128847138343,4.61587542285182,,,,319.0-099.0
138.127691666667,9.58786388888889,139,9,50,1.59631155057923,3.87789869278276,,,,319.0-099.0
138.15,9.55,139,9,50,2.53940367187481,,,,,319.0-099.0
138.15,9.55,139,9,50,1.15551849388673,,,,,319.0-099.0
138.15,9.55,139,9,50,2.75906798584117,,,,,319.0-099.0
138.15,9.55,139,9,50,0.210961943831374,,,,,319.0-099.0
138.15,9.55,139,9,50,0.437948401596615,,,,,319.0-099.0
138.15,9.55,139,9,50,0.855310598132702,,,,,319.0-099.0
138.15,9.55,139,9,50,2.61994725366247,5.38460118334041,,,,319.0-099.0
,,139,9,50,,,0.854590885838068,-0.293761083859233,1,319.0-099.0
-92.4580555555556,18.6411111111111,-93,19,50,1.02166970524323,,,,,087.0-109.0
-92.4580555555556,18.6411111111111,-93,19,50,0.461672147504982,,,,,087.0-109.0
-92.4580555555556,18.6411111111111,-93,19,50,0.461745368942971,,,,,087.0-109.0
-92.6841666666667,18.6055555555556,-93,19,50,0.540458414780917,0.83374468124792,,,,087.0-109.0
-92.4577777777778,18.6519444444444,-93,19,50,0.833344166736065,0.280262133696131,,,,087.0-109.0
-92.4747222222222,18.6483333333333,-93,19,50,0.496525551987644,0.0957679511788674,,,,087.0-109.0
-92.4675,18.5938888888889,-93,19,50,0.833344166736065,0.679999529150201,,,,087.0-109.0
-93.4286111111111,18.4922222222222,-93,19,50,-0.22104454030247,0.157266012017955,,,,087.0-109.0
-92.4322222222222,18.5672222222222,-93,19,50,0.760122728747278,1.41797625921925,,,,087.0-109.0
-92.4483333333333,18.5952777777778,-93,19,50,-0.206400252704713,0.188015042437499,,,,087.0-109.0
-93.15,18.3,-93,19,50,,-0.612816457190813,,,,087.0-109.0
-93.15,18.3,-93,19,50,,-0.432222660036341,,,,087.0-109.0
-93.15,18.3,-93,19,50,,-0.72268820852,,,,087.0-109.0
-93.15,18.3,-93,19,50,,-0.529645887793195,,,,087.0-109.0
-93.15,18.3,-93,19,50,,-0.533073742043368,,,,087.0-109.0
-93.15,18.3,-93,19,50,,-0.559594508651306,,,,087.0-109.0
,,-93,19,50,,,0.6412081967778,-0.208640803623958,1,087.0-109.0
79.7784027777778,11.4903055555556,79,11,1,-1.01769378562047,,,,,259.0-101.0
79.7784027777778,11.4903055555556,79,11,2,-1.01659546405064,,,,,259.0-101.0
79.7784027777778,11.4903055555556,79,11,3,-0.990967960754567,,,,,259.0-101.0
79.7784027777778,11.4903055555556,79,11,7,-0.977421994726642,,,,,259.0-101.0
79.7784027777778,11.4903055555556,79,11,8,-0.986208567285296,,,,,259.0-101.0
79.7784027777778,11.4903055555556,79,11,9,-0.919210951525556,,,,,259.0-101.0
79.7651666666667,11.4894861111111,79,11,11.5,-0.699912744749138,,,,,259.0-101.0
79.7651666666667,11.4894861111111,79,11,11.9,-0.805717722642936,,,,,259.0-101.0
79.7651666666667,11.4894861111111,79,11,11.1,-0.266075724665574,,,,,259.0-101.0
79.7651666666667,11.4894861111111,79,11,11.11,-0.475489037313506,,,,,259.0-101.0
79.7651666666667,11.4894861111111,79,11,12.1,-0.283282762592939,,,,,259.0-101.0
79.7651666666667,11.4894861111111,79,11,14.9,0.604527173021106,,,,,259.0-101.0
79.7651666666667,11.4894861111111,79,11,15.2,-0.777161361827309,,,,,259.0-101.0
79.7651666666667,11.4894861111111,79,11,15.3,-0.687098993101101,,,,,259.0-101.0
79.7651666666667,11.4894861111111,79,11,16.3,0.523617484043496,,,,,259.0-101.0
79.7651666666667,11.4894861111111,79,11,16.8,1.53993104332786,,,,,259.0-101.0
79.7651666666667,11.4894861111111,79,11,17.5,0.618073139049031,,,,,259.0-101.0
79.7735,11.4899166666667,79,11,50,-0.165030140241048,,,,,259.0-101.0
79.7735,11.4899166666667,79,11,50,-0.58751783743635,,,,,259.0-101.0
79.7735,11.4899166666667,79,11,50,-0.773500289927869,,,,,259.0-101.0
79.7735,11.4899166666667,79,11,50,-0.852579442955759,,,,,259.0-101.0
79.7735,11.4899166666667,79,11,50,-0.405562564034214,,,,,259.0-101.0
79.7735,11.4899166666667,79,11,50,0.474925227780952,,,,,259.0-101.0
,,79,11,49,,-0.582229775220034,-1.23984717741202,-0.793859082273415,1,259.0-101.0
122.3895,11.7188,123,11,12,-0.649902502602797,,,,,303.0-101.0
122.3912,11.7185,123,11,17,-0.281086119453276,,,,,303.0-101.0
122.956944444444,11.0680555555556,123,11,50,-0.0196050422515174,-0.0376059682659041,,,,303.0-101.0
122.146111111111,11.8238888888889,123,11,50,0.488083120187537,0.334749415599562,,,,303.0-101.0
122.387222222222,11.7427777777778,123,11,50,-0.545571668259201,-0.422312175498595,,,,303.0-101.0
122.387222222222,11.7427777777778,123,11,9,-0.703750868486337,-0.591422470451349,,,,303.0-101.0
122.705833333333,10.7933333333333,123,11,50,-0.530201722921794,-0.401078561711285,,,,303.0-101.0
122.705833333333,10.7933333333333,123,11,8,-0.878573053441779,-0.725846141631345,,,,303.0-101.0
122.624166666667,10.7616666666667,123,11,6,-0.959495701965935,-0.838846107270034,,,,303.0-101.0
122.783611111111,10.8375,123,11,9,-0.753623431836047,-0.644020691750306,,,,303.0-101.0
122.2,11.8,123,11,50,,,,,,303.0-101.0
122.2,11.8,123,11,50,,,,,,303.0-101.0
122.2,11.8,123,11,50,,,,,,303.0-101.0
122.2,11.8,123,11,50,,,,,,303.0-101.0
122.2,11.8,123,11,50,3.12883624768454,,,,,303.0-101.0
122.2,11.8,123,11,50,-0.460478642525804,,,,,303.0-101.0
122.2,11.8,123,11,50,1.34223316075814,,,,,303.0-101.0
122.2,11.8,123,11,50,0.700081149596473,,,,,303.0-101.0
,,123,11,43,,,-0.151028240031673,-0.202943946296543,1,303.0-101.0
124.73622,1.74986,125,1,10,0.338367245931864,-0.0118536552895361,,,,305.0-091.0
124.95869,1.69453,125,1,10,-0.590080587765957,-0.556111493715463,,,,305.0-091.0
124.75486,1.73781,125,1,10,-0.382131703877802,-0.534587172421782,,,,305.0-091.0
124.80381,1.56733,125,1,10,-0.215186825263367,0.111142466388639,,,,305.0-091.0
124.50681,1.29617,125,1,30,-0.196149251386282,0.277187230654176,,,,305.0-091.0
124.55069,1.37225,125,1,30,0.278325666781059,0.00967066600414457,,,,305.0-091.0
124.838888888889,1.58888888888889,125,1,50,-0.0204178002131931,-0.433115372037287,,,,305.0-091.0
124.838888888889,1.58888888888889,125,1,50,1.64170884213228,1.31957936187671,,,,305.0-091.0
124.838888888889,1.58888888888889,125,1,50,-0.291337120771706,-0.374692214240154,,,,305.0-091.0
124.838888888889,1.58888888888889,125,1,50,-0.704306031028465,-0.679107615393638,,,,305.0-091.0
124.838888888889,1.58888888888889,125,1,50,-0.458281999386141,-0.396216535533834,,,,305.0-091.0
,,125,1,49,,,0.744907440560393,0.168787077629773,1,305.0-091.0
106.802666666667,10.4783333333333,107,11,37,0.883866958948329,,,,,287.0-101.0
106.802666666667,10.4828333333333,107,11,37,1.12403327555155,,,,,287.0-101.0
106.8005,10.48,107,11,37,0.929264250501377,,,,,287.0-101.0
106.789166666667,10.4801666666667,107,11,25,0.35008267601007,,,,,287.0-101.0
106.789166666667,10.4791666666667,107,11,25,-0.0350620878109505,,,,,287.0-101.0
106.789166666667,10.4776666666667,107,11,25,0.56681813245688,,,,,287.0-101.0
106.794166666667,10.4868333333333,107,11,16,0.287112239339713,,,,,287.0-101.0
106.879,10.402,107,11,50,2.11764818905939,0.0250451812139165,,,,287.0-101.0
106.9425,10.4833333333333,107,11,44,0.0249794913398549,-0.706781742771228,,,,287.0-101.0
106.932222222222,10.4369444444444,107,11,44,-0.525645722335825,-0.64528368193214,,,,287.0-101.0
106.855277777778,10.4402777777778,107,11,44,-0.16246738991144,-0.325493765568884,,,,287.0-101.0
106.929166666667,10.5316666666667,107,11,44,-0.333805554805202,-0.749830385358589,,,,287.0-101.0
106.821666666667,10.5025,107,11,44,0.46723697679213,-0.39314163249188,,,,287.0-101.0
106.898055555556,10.5211111111111,107,11,44,-0.237153256660003,-0.722156257980999,,,,287.0-101.0
,,107,11,49,,,-0.0792703944903936,-1.35051933682448,1,287.0-101.0
117.558611111111,-0.505277777777778,117,-1,50,1.36053852025533,0.741497589989289,,,,297.0-089.0
117.501111111111,-0.515,117,-1,50,0.599035565171946,-0.0579772009188519,,,,297.0-089.0
117.531388888889,-0.732777777777778,117,-1,50,0.760122728747278,0.0957679511788674,,,,297.0-089.0
117.573333333333,-0.731666666666667,117,-1,50,0.950498467518125,0.00352085992023582,,,,297.0-089.0
117.5025,-0.350555555555556,117,-1,50,0.628324140367461,-0.396216535533834,,,,297.0-089.0
117.519722222222,-0.350833333333333,117,-1,50,0.203639800032496,0.0342698903397797,,,,297.0-089.0
117.533333333333,-0.389444444444444,117,-1,50,1.11158563109346,0.0342698903397797,,,,297.0-089.0
117.5075,-0.808333333333333,117,-1,50,0.599035565171946,-0.365467505114291,,,,297.0-089.0
117.524722222222,-0.8125,117,-1,50,0.335438388412313,-0.426965565953378,,,,297.0-089.0
117.615277777778,-0.764166666666667,117,-1,50,0.423304113998857,0.157266012017955,,,,297.0-089.0
,,117,-1,50,,,0.053343328406327,-0.620434745196998,1,297.0-089.0
123.748,-10.087,123,-11,9,,-0.856006787397274,,,,303.0-079.0
123.748,-10.087,123,-11,9,,-0.856714015096923,,,,303.0-079.0
123.748,-10.087,123,-11,7,,-0.853700610115808,,,,303.0-079.0
123.748,-10.087,123,-11,6,,-0.853946602359164,,,,303.0-079.0
123.748,-10.087,123,-11,6,,-0.835650929259536,,,,303.0-079.0
123.748,-10.087,123,-11,50,,-0.8555763009714,,,,303.0-079.0
123.748,-10.087,123,-11,50,,-0.81378836863124,,,,303.0-079.0
123.748,-10.087,123,-11,9,-1.02412995001969,,,,,303.0-079.0
123.748,-10.087,123,-11,9,-1.02608496241399,,,,,303.0-079.0
123.748,-10.087,123,-11,9,-1.02507450656974,,,,,303.0-079.0
123.748,-10.087,123,-11,7,-1.02551383519768,,,,,303.0-079.0
123.748,-10.087,123,-11,7,-1.0214207568141,,,,,303.0-079.0
123.748,-10.087,123,-11,7,-1.0253673923217,,,,,303.0-079.0
123.748,-10.087,123,-11,6,-1.01980256303455,,,,,303.0-079.0
123.748,-10.087,123,-11,6,-0.984927192120492,,,,,303.0-079.0
123.748,-10.087,123,-11,50,-1.0247083993798,,,,,303.0-079.0
123.748,-10.087,123,-11,50,-1.0246791108046,,,,,303.0-079.0
123.748,-10.087,123,-11,50,-0.980057966494238,,,,,303.0-079.0
123.748,-10.087,123,-11,50,-0.989686585589763,,,,,303.0-079.0
,,123,-11,50,,,-0.191767074153531,0.570398871496952,1,303.0-079.0
146.166666666667,-18.3333333333333,147,-19,50,3.5059266533268,,,,,327.0-071.0
146.166666666667,-18.3333333333333,147,-19,50,2.34170578930508,,,,,327.0-071.0
146.166666666667,-18.3333333333333,147,-19,50,1.51430354003179,,,,,327.0-071.0
146.166666666667,-18.3333333333333,147,-19,50,0.826022022937187,,,,,327.0-071.0
146.166666666667,-18.3333333333333,147,-19,50,0.0205862050605277,,,,,327.0-071.0
146.166666666667,-18.3333333333333,147,-19,50,0.46723697679213,,,,,327.0-071.0
146.166666666667,-18.3333333333333,147,-19,50,2.76639012964005,,,,,327.0-071.0
146.166666666667,-18.3333333333333,147,-19,50,2.9201551494165,,,,,327.0-071.0
146.166666666667,-18.3333333333333,147,-19,50,1.51430354003179,,,,,327.0-071.0
146.166666666667,-18.3333333333333,147,-19,50,0.730834153551763,,,,,327.0-071.0
146.166666666667,-18.3333333333333,147,-19,50,0.489203408188766,,,,,327.0-071.0
146.166666666667,-18.3333333333333,147,-19,50,0.145062649641466,,,,,327.0-071.0
146.166666666667,-18.3333333333333,147,-19,50,0.459914832993251,,,,,327.0-071.0
146.166666666667,-18.3333333333333,147,-19,50,0.152384793440345,,,,,327.0-071.0
146.166666666667,-18.3333333333333,147,-19,50,0.46723697679213,,,,,327.0-071.0
146.166666666667,-18.3333333333333,147,-19,50,0.46723697679213,,,,,327.0-071.0
146.166666666667,-18.3333333333333,147,-19,50,1.07497491209906,,,,,327.0-071.0
146.166666666667,-18.3333333333333,147,-19,50,0.745478441149521,,,,,327.0-071.0
,,147,-19,50,,-0.230742026116103,0.480593249171466,1.1614381756594,1,327.0-071.0
-87.7004,19.4866666666667,-87,19,50,0.263681379183301,1.55019709002329,,,,093.0-109.0
-87.4658333333333,19.6958333333333,-87,19,50,0.0344982782783973,1.40567664705144,,,,093.0-109.0
-87.4538888888889,19.6477,-87,19,50,-0.257655259296864,0.341760194535218,,,,093.0-109.0
-87.4788888888889,19.78,-87,19,50,-0.190291536347179,0.243363297192678,,,,093.0-109.0
-87.4612,19.8612,-87,19,50,-1.00451392678249,-0.723693709501977,,,,093.0-109.0
-87.48,19.8408,-87,19,50,-0.97449313720709,-0.565336202841326,,,,093.0-109.0
-87.495,19.8218,-87,19,50,-0.987672996045072,-0.669882906267775,,,,093.0-109.0
-87.5743,19.7936,-87,19,50,-0.855142193285367,,,,,093.0-109.0
-87.5887,19.7758333333333,-87,19,50,-0.894681769799312,-0.846689831180152,,,,093.0-109.0
,,-87,19,50,,,-0.53988092556163,-0.151295601281513,1,093.0-109.0
174.760336111111,-36.3143388888889,175,-37,10,-0.81267375925187,0.0388822449027112,,,,355.0-053.0
174.776083333333,-36.810575,175,-37,50,-0.957652206469669,0.0973054026998446,,,,355.0-053.0
175.786791666667,-36.9369722222222,175,-37,20,-0.5754363001682,-0.151761743698461,,,,355.0-053.0
175.861497222222,-37.2022388888889,175,-37,13,-0.786314041575907,0.232601136545838,,,,355.0-053.0
175.847116666667,-37.0130916666667,175,-37,13,-0.861732122704358,-0.0764266191705783,,,,355.0-053.0
175.428528205128,-37.1059102564103,175,-37,50,-0.707967102927905,,,,,355.0-053.0
174.579,-36.13,175,-37,50,,,,,,355.0-053.0
174.581805555556,-36.1171888888889,175,-37,50,-0.828782475609404,-0.283982574502499,,,,355.0-053.0
174.576388888889,-36.1030555555556,175,-37,50,-0.374809560078923,1.40260174400948,,,,355.0-053.0
174.575972222222,-36.10375,175,-37,50,-0.6237624492408,0.929066675548506,,,,355.0-053.0
174.583,-36.132,175,-37,50,,,,,,355.0-053.0
,,175,-37,45,,,0.67001401177132,2.98596142584387,1,355.0-053.0
151.15,-33.8333333333333,151,-33,50,,1.50714844743593,,,,331.0-057.0
151.019,-33.978,151,-33,7.5,-0.965094714276201,,,,,331.0-057.0
151.019,-33.978,151,-33,37,-0.582337169940294,,,,,331.0-057.0
151.019,-33.978,151,-33,50,-0.434289440527349,,,,,331.0-057.0
151.019,-33.978,151,-33,50,-0.1743031839973,,,,,331.0-057.0
151.75,-32.875,151,-33,15,-0.866857623363573,,,,,331.0-057.0
151.5,-33.5,151,-33,15,-0.867589837743461,,,,,331.0-057.0
151.15,-33.8333333333333,151,-33,50,-0.078262736224335,1.40721409857241,,,,331.0-057.0
151.15,-33.8333333333333,151,-33,50,-0.292801549531482,1.60708279629945,,,,331.0-057.0
151.2,-33.7666666666667,151,-33,50,0.584391277574189,,,,,331.0-057.0
151.5,-33.5,151,-33,50,0.882150095620015,0.790174509052835,,,,331.0-057.0
151.5,-33.5,151,-33,50,-0.0617117301834661,0.310939355090911,,,,331.0-057.0
,,151,-33,49,,,0.379857113158167,2.29657362845594,1,331.0-057.0
113.583333333333,22.6,113,23,6,5.33792703180625,3.00539495462821,,,,293.0-113.0
113.583333333333,22.6,113,23,6,-0.721879176145774,-0.642208778890185,,,,293.0-113.0
113.764722222222,22.7206666666667,113,23,2,-1.0227753534169,-0.855068941969478,,,,293.0-113.0
113.764722222222,22.7206666666667,113,23,2,-0.968920985776144,-0.830331346996955,,,,293.0-113.0
113.764722222222,22.7206666666667,113,23,2,-0.651747682840114,-0.783638944304877,,,,293.0-113.0
113.64,22.6,113,23,50,,,-0.345914460939637,,,293.0-113.0
113.64,22.6,113,23,50,,,-0.750146119424962,,,293.0-113.0
113.764722222222,22.7206666666667,113,23,2,,,,3.46531708946302,,293.0-113.0
113.764722222222,22.7206666666667,113,23,2,,,,-1.72744212600331,,293.0-113.0
113.764722222222,22.7206666666667,113,23,2,,,,-0.971643242131163,,293.0-113.0
,,113,23,50,,,,,1,293.0-113.0
-92.4333333333333,14.7166666666667,-93,15,50,1.78229400307075,1.10894850350284,,,,087.0-105.0
-92.4333333333333,14.7166666666667,-93,15,50,1.48062167855694,0.961353157489027,,,,087.0-105.0
-92.4333333333333,14.7166666666667,-93,15,50,1.84087115346178,1.29498013754108,,,,087.0-105.0
-92.4333333333333,14.7166666666667,-93,15,50,3.52276758406422,2.26511204727769,,,,087.0-105.0
-92.4333333333333,14.7166666666667,-93,15,50,0.42916182903796,0.586214986370592,,,,087.0-105.0
-92.4333333333333,14.7166666666667,-93,15,50,1.19579028478056,1.10741105198186,,,,087.0-105.0
-92.4333333333333,14.7166666666667,-93,15,50,4.14734645010857,3.27368024503873,,,,087.0-105.0
,,-93,15,50,,,0.574950002865291,-0.436643448037448,1,087.0-105.0
53.05194,24.63165,53,25,50,-0.746042250682074,-0.42081575986947,,,,233.0-115.0
53.05385,24.62777,53,25,50,-0.505875934078852,-0.380842020324063,,,,233.0-115.0
53.31363,24.28131,53,25,50,-0.857338836425031,-0.453102241809991,,,,233.0-115.0
53.80228,24.20136,53,25,3,-1.0148869638309,-0.835671428613149,,,,233.0-115.0
53.80068,24.20323,53,25,5,-0.911766771996697,-0.639646359688557,,,,233.0-115.0
53.80013,24.20385,53,25,10,-0.86661355190361,-0.548680478030741,,,,233.0-115.0
53.79876,24.21322,53,25,15,-1.02618747242717,-0.856785762834569,,,,233.0-115.0
,,53,25,48,,,-1.6812090905686,-1.3944558747657,1,233.0-115.0
39.5,-4.41666666666667,39,-5,12,-0.24520761483877,-0.474626563103671,,,,219.0-085.0
38.8916666666667,-5.65,39,-5,50,,,,,,219.0-085.0
39.8333333333333,-4.41666666666667,39,-5,5,-0.878206946251835,,,,,219.0-085.0
39.8333333333333,-4.41666666666667,39,-5,8,-0.940811275732248,,,,,219.0-085.0
39.8333333333333,-4.41666666666667,39,-5,5,-0.977421994726642,,,,,219.0-085.0
39.8333333333333,-4.41666666666667,39,-5,8,-0.999388426123278,,,,,219.0-085.0
39.5,-4.41666666666667,39,-5,50,-0.732862391844092,-0.670647019673701,,,,219.0-085.0
39.5,-4.41666666666667,39,-5,50,0.796733447741672,0.0957833256940772,,,,219.0-085.0
39.5,-4.41666666666667,39,-5,9,,-0.603772490865756,,,,219.0-085.0
39.5,-4.41666666666667,39,-5,12,,-0.196347837806799,,,,219.0-085.0
39.5,-4.41666666666667,39,-5,11,,0.134204239203297,,,,219.0-085.0
,,39,-5,50,,,0.234304378529474,0.562697505771296,1,219.0-085.0
102.5,12.2,103,13,50,0.217551873250365,0.194164848521408,,,,283.0-103.0
102.5,12.2,103,13,50,0.871419314490235,0.756872105199061,,,,283.0-103.0
102.5,12.2,103,13,50,0.63564628416634,0.644638144167725,,,,283.0-103.0
102.566666666667,12.1833333333333,103,13,3,-1.01183607058137,,,,,283.0-103.0
102.566666666667,12.1833333333333,103,13,4,-1.00744278430204,,,,,283.0-103.0
102.566666666667,12.1833333333333,103,13,5,-0.982547495385857,,,,,283.0-103.0
102.566666666667,12.1833333333333,103,13,9,-0.841962334447385,,,,,283.0-103.0
102.55,12.2,103,13,50,,-0.843768673290296,,,,283.0-103.0
102.55,12.2,103,13,50,,-0.845921105419664,,,,283.0-103.0
102.55,12.2,103,13,50,,-0.836388905989605,,,,283.0-103.0
,,103,13,48,,,-0.185658990542901,-0.748046433019649,1,283.0-103.0
106.675,9.89,107,9,26,0.569746989976432,,,,,287.0-099.0
106.675,9.89,107,9,22,0.899243460925974,,,,,287.0-099.0
106.675,9.89,107,9,21,0.452592689194372,,,,,287.0-099.0
106.675,9.89,107,9,20,-0.404098135274438,,,,,287.0-099.0
106.675,9.89,107,9,19,0.174351224836981,,,,,287.0-099.0
106.675,9.89,107,9,18,0.0425526364571639,,,,,287.0-099.0
106.675,9.89,107,9,16,1.31660565746206,,,,,287.0-099.0
106.675,9.89,107,9,15,0.891921317127095,,,,,287.0-099.0
106.675,9.89,107,9,14,0.188995512434738,,,,,287.0-099.0
106.675,9.89,107,9,13,1.04568633690355,,,,,287.0-099.0
106.675,9.89,107,9,12,1.01339568275049,,,,,287.0-099.0
106.675,9.89,107,9,11,0.071035775834802,,,,,287.0-099.0
106.675,9.89,107,9,7,-0.468899107894515,,,,,287.0-099.0
,,107,9,45,,-0.363608610869611,-0.419246902473162,-0.646388317450196,1,287.0-099.0
162.96306,5.34919,163,5,50,2.45739566132737,5.16628306736165,,,,343.0-095.0
162.96406,5.28219,163,5,50,2.52475938427705,5.40612550463409,,,,343.0-095.0
162.94497,5.32633,163,5,50,2.60676739482449,5.10785990956452,,,,343.0-095.0
162.9105,5.28328,163,5,50,1.79986714818806,1.80848894554746,,,,343.0-095.0
162.964,5.282,163,5,50,,-0.746755482316635,,,,343.0-095.0
162.962,5.345,163,5,50,,-0.723693709501977,,,,343.0-095.0
162.964,5.32,163,5,50,,-0.711086607029964,,,,343.0-095.0
162.964,5.32,163,5,50,,-0.674341515678609,,,,343.0-095.0
162.964,5.32,163,5,50,,-0.63851889523984,,,,343.0-095.0
,,163,5,50,,,0.521997974538527,0.148822217029498,1,343.0-095.0
114.6275,-8.39444444444444,115,-9,50,1.41911567064636,0.51087986184271,,,,295.0-081.0
114.6275,-8.39444444444444,115,-9,50,0.760122728747278,0.51087986184271,,,,295.0-081.0
114.6275,-8.39444444444444,115,-9,50,3.11053088818735,1.11048595502382,,,,295.0-081.0
114.6275,-8.39444444444444,115,-9,8,0.0425526364571639,-0.0579772009188519,,,,295.0-081.0
114.6275,-8.39444444444444,115,-9,10,0.0864854992504362,0.341760194535218,,,,295.0-081.0
114.6275,-8.39444444444444,115,-9,8,-0.667695312034072,-0.350092989904519,,,,295.0-081.0
,,115,-9,46,,,0.844237760087035,1.03222802993176,1,295.0-081.0
118.765,9.88194444444444,119,9,30,-0.369976945171663,-0.192504209004356,,,,299.0-099.0
118.765,9.88194444444444,119,9,30,-0.270176125192946,-0.113017965369835,,,,299.0-099.0
118.765,9.88194444444444,119,9,30,-0.248868686738209,0.0445708155303269,,,,299.0-099.0
118.765,9.88194444444444,119,9,30,-0.92982806003393,-0.754135249617325,,,,299.0-099.0
118.765,9.88194444444444,119,9,30,-0.751973187159166,-0.519058912059912,,,,299.0-099.0
118.765,9.88194444444444,119,9,30,-0.794734506944618,-0.601005078127997,,,,299.0-099.0
,,119,9,50,,,0.586668714661594,-0.55272155764174,1,299.0-099.0
127.666666666667,26.1833333333333,127,27,50,-0.5512732256319,0.839894487331829,,,,307.0-117.0
127.666666666667,26.1833333333333,127,27,50,-0.209329110224264,-0.0856513282964414,,,,307.0-117.0
127.666666666667,26.1833333333333,127,27,50,0.49798998074742,0.535479086178345,,,,307.0-117.0
127.666666666667,26.1833333333333,127,27,12,-0.437047782369392,0.246438200234632,,,,307.0-117.0
127.666666666667,26.1833333333333,127,27,12,,,1.07785988376263,,,307.0-117.0
127.666666666667,26.1833333333333,127,27,50,,,,3.17316141900889,,307.0-117.0
127.666666666667,26.1833333333333,127,27,50,,,,0.9941204031058,,307.0-117.0
127.666666666667,26.1833333333333,127,27,50,,,,1.15829472622179,,307.0-117.0
,,127,27,47,,,,,1,307.0-117.0
98.3833333333333,9.36666666666667,99,9,50,0.656953722621077,0.468876686289613,,,,279.0-099.0
98,8,99,9,15,0.0718412116526787,,,,,279.0-099.0
98.6333333333333,9.96666666666667,99,9,50,,1.78388972121183,,,,279.0-099.0
98.6333333333333,9.96666666666667,99,9,50,,0.446306897961667,,,,279.0-099.0
98.6333333333333,9.96666666666667,99,9,50,,2.87240539806368,,,,279.0-099.0
98.6333333333333,9.96666666666667,99,9,50,,6.97586350755181,,,,279.0-099.0
98.567,9.903,99,9,50,0.824096299118082,0.857898044642472,,,,279.0-099.0
98.567,9.903,99,9,50,-0.818297165689409,-0.764236306110145,,,,279.0-099.0
,,99,9,50,,,0.631048172610815,-0.790661536896192,1,279.0-099.0
124.216666666667,24.4833333333333,125,25,50,,-0.296282186670317,,,,305.0-115.0
124.216666666667,24.4833333333333,125,25,50,,-0.212952314233353,,,,305.0-115.0
124.216666666667,24.4833333333333,125,25,50,,-0.674187770526511,,,,305.0-115.0
124.216666666667,24.4833333333333,125,25,50,,-0.559186396757417,,,,305.0-115.0
124.216666666667,24.4833333333333,125,25,50,,-0.340868280778655,,,,305.0-115.0
124.216666666667,24.4833333333333,125,25,50,,-0.63113912793915,,,,305.0-115.0
124.216666666667,24.4833333333333,125,25,50,0.155313650959896,,,,,305.0-115.0
124.216666666667,24.4833333333333,125,25,50,,,,,,305.0-115.0
124.216666666667,24.4833333333333,125,25,50,,,,,,305.0-115.0
124.216666666667,24.4833333333333,125,25,50,,,,,,305.0-115.0
124.216666666667,24.4833333333333,125,25,50,0.197782084993393,,,,,305.0-115.0
124.216666666667,24.4833333333333,125,25,50,0.294434383138592,,,,,305.0-115.0
124.216666666667,24.4833333333333,125,25,50,0.322990743954219,,,,,305.0-115.0
124.216666666667,24.4833333333333,125,25,50,-0.111944597699177,,,,,305.0-115.0
,,125,25,49,,,-0.126925634802603,0.68565085306674,1,305.0-115.0
47.0869444444444,-15.4075,47,-15,50,0.504433467290434,0.682151961279569,,,,227.0-075.0
47.0869444444444,-15.4075,47,-15,50,0.269539094222404,0.3362253690597,,,,227.0-075.0
47.0869444444444,-15.4075,47,-15,50,-0.697716101609475,-0.436497765383437,,,,227.0-075.0
47.0869444444444,-15.4075,47,-15,50,-0.767862239202733,-0.460789499414877,,,,227.0-075.0
47.0869444444444,-15.4075,47,-15,50,-0.884723654232837,-0.707704213683814,,,,227.0-075.0
,,47,-15,49,,,-0.521852526225083,-0.0132339552977457,1,227.0-075.0
56.03976,25.8981,57,25,50,-0.610582590402818,0.327923130846424,,,,237.0-115.0
56.35649,25.01736,57,25,50,-0.309642480268903,0.57084047116082,,,,237.0-115.0
56.35649,25.01736,57,25,50,0.757193871227727,0.347910000619127,,,,237.0-115.0
56.35649,25.01736,57,25,50,0.0337660638985095,0.466293767734371,,,,237.0-115.0
56.35998,25.00956,57,25,50,0.29516659751848,-0.00416639768465015,,,,237.0-115.0
,,57,25,48,,,-1.86563324995008,-1.52172777303432,1,237.0-115.0
101.233333333333,3.33333333333333,101,3,50,,,,,,281.0-093.0
101.233333333333,3.33333333333333,101,3,50,,,,,,281.0-093.0
101.233333333333,3.33333333333333,101,3,50,,,,,,281.0-093.0
101.233333333333,3.66666666666667,101,3,50,,,,,,281.0-093.0
101.233333333333,3.66666666666667,101,3,50,,,,,,281.0-093.0
100.966666666667,3.33333333333333,101,3,50,,,,,,281.0-093.0
100.966666666667,3.33333333333333,101,3,50,,,,,,281.0-093.0
100.966666666667,3.33333333333333,101,3,50,,,,,,281.0-093.0
100.966666666667,3.33333333333333,101,3,50,,,,,,281.0-093.0
100.966666666667,3.33333333333333,101,3,50,,,,,,281.0-093.0
100.966666666667,3.33333333333333,101,3,50,,,,,,281.0-093.0
101.233333333333,3.66666666666667,101,3,50,1.21014168662636,-0.786729221862042,,,,281.0-093.0
100.966666666667,3.33333333333333,101,3,50,-0.1274675425528,-0.671112867484557,,,,281.0-093.0
101.326666666667,3.02805555555556,101,3,50,,,,,,281.0-093.0
101.326666666667,3.02805555555556,101,3,50,,,,,,281.0-093.0
101.326666666667,3.02805555555556,101,3,50,,,,,,281.0-093.0
101.326666666667,3.02805555555556,101,3,50,,,,,,281.0-093.0
101.326666666667,3.02805555555556,101,3,50,,,,,,281.0-093.0
101.326666666667,3.02805555555556,101,3,50,,,,,,281.0-093.0
101.326666666667,3.02805555555556,101,3,50,,,,,,281.0-093.0
101.326666666667,3.02805555555556,101,3,50,,,,,,281.0-093.0
101.378888888889,3.04861111111111,101,3,50,,,,,,281.0-093.0
101.378888888889,3.04861111111111,101,3,50,,,,,,281.0-093.0
101.378888888889,3.04861111111111,101,3,50,,,,,,281.0-093.0
101.378888888889,3.04861111111111,101,3,50,,,,,,281.0-093.0
101.378888888889,3.04861111111111,101,3,50,,,,,,281.0-093.0
101.378888888889,3.04861111111111,101,3,50,,,,,,281.0-093.0
101.378888888889,3.04861111111111,101,3,50,,,,,,281.0-093.0
101.378888888889,3.04861111111111,101,3,50,,,,,,281.0-093.0
101.378888888889,3.04861111111111,101,3,50,,,,,,281.0-093.0
101.378888888889,3.04861111111111,101,3,50,,,,,,281.0-093.0
101.263888888889,3.02555555555556,101,3,50,,,,,,281.0-093.0
101.263888888889,3.02555555555556,101,3,50,,,,,,281.0-093.0
101.263888888889,3.02555555555556,101,3,50,,,,,,281.0-093.0
101.263888888889,3.02555555555556,101,3,50,,,,,,281.0-093.0
101.263888888889,3.02555555555556,101,3,50,,,,,,281.0-093.0
101.263888888889,3.02555555555556,101,3,50,,,,,,281.0-093.0
101.263888888889,3.02555555555556,101,3,50,,,,,,281.0-093.0
101.263888888889,3.02555555555556,101,3,50,,,,,,281.0-093.0
101.263888888889,3.02555555555556,101,3,50,,,,,,281.0-093.0
101.263888888889,3.02555555555556,101,3,50,,,,,,281.0-093.0
101.326666666667,3.02805555555556,101,3,50,-0.0855848800232137,0.122212117339675,,,,281.0-093.0
101.378888888889,3.04861111111111,101,3,50,0.112698774050422,0.14281396772077,,,,281.0-093.0
101.263888888889,3.02555555555556,101,3,50,-0.23371184907453,-0.0324555056706306,,,,281.0-093.0
,,101,3,48,,,0.366054744891012,-0.924797441968257,1,281.0-093.0
111.73775,-2.73667,111,-3,30,-0.0438486603696051,-0.16867371042921,,,,291.0-087.0
111.73872,-2.84886,111,-3,50,1.09840577225548,0.858343905583555,,,,291.0-087.0
111.69878,-2.78389,111,-3,50,1.59045383554012,1.04591299114277,,,,291.0-087.0
111.73181,-2.85594,111,-3,50,0.215355230110702,0.151116205934046,,,,291.0-087.0
111.71383,-2.74128,111,-3,50,1.10865677357391,0.606201856143296,,,,291.0-087.0
,,111,-3,50,,,0.439198209233841,-0.166866075312971,1,291.0-087.0
121.447527777778,13.8141666666667,121,13,50,-0.750289094085424,,,,,301.0-103.0
121.447527777778,13.8141666666667,121,13,10,-0.289433363383997,,,,,301.0-103.0
121.447527777778,13.8141666666667,121,13,10,0.0242472769599671,,,,,301.0-103.0
121.447527777778,13.8141666666667,121,13,10,0.843302282302541,,,,,301.0-103.0
121.447527777778,13.8141666666667,121,13,10,0.273932380501731,,,,,301.0-103.0
121.451916666667,13.8125277777778,121,13,50,0.680604247091455,,,,,301.0-103.0
121.451916666667,13.8125277777778,121,13,10,-0.989723196308758,,,,,301.0-103.0
121.451916666667,13.8125277777778,121,13,10,-0.843573206083139,,,,,301.0-103.0
121.451916666667,13.8125277777778,121,13,10,-0.839619248431744,,,,,301.0-103.0
121.451916666667,13.8125277777778,121,13,10,-0.892924455287581,,,,,301.0-103.0
,,121,13,48,,0.272910982009682,0.482960489515876,-0.226787870586864,1,301.0-103.0
122.010666666667,-4.55336111111111,123,-5,50,0.372122328844695,,,,,303.0-085.0
122.010666666667,-4.55336111111111,123,-5,46,0.289455325355354,,,,,303.0-085.0
122.010666666667,-4.55336111111111,123,-5,42,0.353743747909509,,,,,303.0-085.0
122.010666666667,-4.55336111111111,123,-5,49,-0.0527816758042371,,,,,303.0-085.0
122.010666666667,-4.55336111111111,123,-5,28,-0.714703475222873,,,,,303.0-085.0
122.010666666667,-4.55336111111111,123,-5,24,-0.83442052633454,,,,,303.0-085.0
122.010666666667,-4.55336111111111,123,-5,26,-0.517225256967114,,,,,303.0-085.0
122.010666666667,-4.55336111111111,123,-5,29,-0.367194530528089,,,,,303.0-085.0
122.010666666667,-4.55336111111111,123,-5,29,-0.533260751886659,,,,,303.0-085.0
122.010666666667,-4.55336111111111,123,-5,36.33,-0.222728633376212,,,,,303.0-085.0
,,123,-5,50,,0.00311758505174228,0.44124139262665,-0.263795655179398,1,303.0-085.0
134.53911,7.35211,135,7,10,0.502383267026748,1.22733227061808,,,,315.0-097.0
134.539325,7.35224722222222,135,7,50,,,,,,315.0-097.0
134.539325,7.35224722222222,135,7,50,0.165564652278326,1.29498013754108,,,,315.0-097.0
134.539325,7.35224722222222,135,7,50,0.4086598264011,1.29498013754108,,,,315.0-097.0
134.539325,7.35224722222222,135,7,50,0.93146089364104,2.21745105012739,,,,315.0-097.0
134.466666666667,7.58333333333333,135,7,50,0.452592689194372,1.23348207670199,,,,315.0-097.0
,,135,7,50,,,0.610502840684331,-0.532011920437095,1,315.0-097.0
-91.9430555555556,18.6152777777778,-91,19,50,-0.173816712799702,,,,,089.0-109.0
-91.9430555555556,18.6152777777778,-91,19,50,0.0385986788057694,,,,,089.0-109.0
-91.9430555555556,18.6152777777778,-91,19,50,0.183796790337534,,,,,089.0-109.0
-91.9430555555556,18.6152777777778,-91,19,50,0.708135507775239,,,,,089.0-109.0
-91.9430555555556,18.6152777777778,-91,19,50,-0.193220393866731,,,,,089.0-109.0
-91.9430555555556,18.6152777777778,-91,19,50,0.0840691917968061,,,,,089.0-109.0
-91.9722222222222,18.6172222222222,-91,19,50,0.215062344358747,,,,,089.0-109.0
-91.9722222222222,18.6172222222222,-91,19,50,0.15992660155319,,,,,089.0-109.0
-91.9722222222222,18.6172222222222,-91,19,50,0.949034038758349,,,,,089.0-109.0
,,-91,19,50,,-0.367880437420963,0.257729299144017,-0.486111816385153,1,089.0-109.0
119.315,-5.475,119,-5,50,-0.540290009933582,-0.636058972806277,,,,299.0-085.0
119.306111111111,-5.47694444444444,119,-5,50,-0.849284478246264,-0.774429609694224,,,,299.0-085.0
119.363888888889,-5.32694444444444,119,-5,50,0.313471957015676,0.0957679511788674,,,,299.0-085.0
119.288888888889,-5.46,119,-5,50,-1.01476492810092,-0.848227282701129,,,,299.0-085.0
119.6,-4.23333333333333,119,-5,25,-0.586419515866518,,,,,299.0-085.0
,,119,-5,47,,,-0.59160996817659,-0.442452156560871,1,299.0-085.0
108.95828,-7.71289,109,-7,10,-0.992798496704287,-0.842077476617221,,,,289.0-083.0
108.97044,-7.72369,109,-7,10,-0.84049790568761,-0.666808003225821,,,,289.0-083.0
108.916666666667,-7.68333333333333,109,-7,50,-0.285552627170592,,,,,289.0-083.0
108.916666666667,-7.68333333333333,109,-7,50,-0.278669811999646,,,,,289.0-083.0
108.916666666667,-7.68333333333333,109,-7,50,-0.795759607076461,,,,,289.0-083.0
108.916666666667,-7.68333333333333,109,-7,50,-0.986062124409318,,,,,289.0-083.0
,,109,-7,45,,,0.836710945827301,0.167134179501066,1,289.0-083.0
-86.3988888888889,16.4041666666667,-87,17,50,8.42024236672257e-05,,,,,093.0-107.0
-86.3986111111111,16.4013888888889,-87,17,50,1.36053852025533,,,,,093.0-107.0
-86.8886111111111,16.0886111111111,-87,17,50,-0.776063040257477,,,,,093.0-107.0
-86.9016666666667,16.1191666666667,-87,17,50,0.00447748870299462,,,,,093.0-107.0
-86.9088888888889,16.0983333333333,-87,17,50,-0.251797544257761,,,,,093.0-107.0
-86.9141666666667,16.0927777777778,-87,17,50,-0.679410742112278,,,,,093.0-107.0
-86.9416666666667,16.11,-87,17,50,-0.777527469017253,,,,,093.0-107.0
,,-87,17,50,,-0.552256429198369,0.0998396330841809,0.108900727032084,1,093.0-107.0
99.1633333333333,10.28,99,11,20,1.49380153739493,0.155728560496978,,,,279.0-101.0
99.1633333333333,10.2783333333333,99,11,5,-0.718950318626223,-0.786729221862042,,,,279.0-101.0
99.22,10.3733333333333,99,11,3,-0.550541011252012,-0.73291841862784,,,,279.0-101.0
99.2216666666667,10.3733333333333,99,11,3,-0.689661743430708,,,,,279.0-101.0
,,99,11,50,,,0.351609829741053,-0.918003586476768,1,279.0-101.0
120.03,16.33,121,17,6,-0.926972423952367,,,,,301.0-107.0
120.03,16.33,121,17,8,-0.837715491044036,,,,,301.0-107.0
120.03,16.33,121,17,10,-0.823217646322256,,,,,301.0-107.0
120.03,16.33,121,17,11,-0.712799717835165,,,,,301.0-107.0
120.03,16.33,121,17,18,-0.251797544257761,,,,,301.0-107.0
120.0101,16.3151,121,17,6,-0.927045645390356,,,,,301.0-107.0
120.0019,16.3208,121,17,10,-0.744943929112242,,,,,301.0-107.0
,,121,17,34,,-0.680984495562593,-0.309932912832136,0.245768050610041,1,301.0-107.0
-82.5636111111111,27.5808333333333,-83,27,50,-0.465604143185019,,,,,097.0-117.0
-82.6013888888889,27.8461111111111,-83,27,50,-0.327947839766099,,,,,097.0-117.0
-82.7152777777778,27.6275,-83,27,50,-0.524181293576049,,,,,097.0-117.0
-82.5513888888889,27.5991666666667,-83,27,7,-0.411420279073317,,,,,097.0-117.0
-82.4677777777778,27.7425,-83,27,25,-0.440708854268832,,,,,097.0-117.0
-82.6875,27.7430555555556,-83,27,3,-0.405562564034214,,,,,097.0-117.0
,,-83,27,50,,-0.422629952495418,0.0952794025705792,-0.151139385405874,1,097.0-117.0
-80.018,0.61,-81,1,50,-0.513930292257619,,,,,099.0-091.0
-80.018,0.61,-81,1,50,0.386693395004464,,,,,099.0-091.0
-80.018,0.61,-81,1,50,-0.740916750022859,,,,,099.0-091.0
-80.018,0.61,-81,1,11,-0.85074890700604,,,,,099.0-091.0
-80.018,0.61,-81,1,13,-0.689661743430708,,,,,099.0-091.0
-80.018,0.61,-81,1,21,-0.343324341743745,,,,,099.0-091.0
,,-81,1,48,,-0.543714825465779,-0.252384217312971,0.513661322947607,1,099.0-091.0
-71.6919444444444,19.7666666666667,-71,19,10,-0.939346846972472,-0.632984069764322,,,,109.0-109.0
-71.6919444444444,19.7666666666667,-71,19,30,-0.629620164279903,-0.16867371042921,,,,109.0-109.0
-71.6919444444444,19.7666666666667,-71,19,50,0.735959654210978,0.535479086178345,,,,109.0-109.0
,,-71,19,50,,,0.206661121247299,0.178059748764133,1,109.0-109.0
-40.1571555555556,-19.94995,-41,-19,50,,,,,,139.0-071.0
-40.1571555555556,-19.94995,-41,-19,50,,,,,,139.0-071.0
-40.1571555555556,-19.94995,-41,-19,50,,,,,,139.0-071.0
-40.1571555555556,-19.94995,-41,-19,50,,,,,,139.0-071.0
-40.1571555555556,-19.94995,-41,-19,50,,,,,,139.0-071.0
-40.1571555555556,-19.94995,-41,-19,50,,,,,,139.0-071.0
-40.1571555555556,-19.94995,-41,-19,50,,,,,,139.0-071.0
-40.1571555555556,-19.94995,-41,-19,50,,,,,,139.0-071.0
-40.1571555555556,-19.94995,-41,-19,50,,,,,,139.0-071.0
-40.1571555555556,-19.94995,-41,-19,50,,,,,,139.0-071.0
-40.1571555555556,-19.94995,-41,-19,50,,,,,,139.0-071.0
-40.1571555555556,-19.94995,-41,-19,50,,,,,,139.0-071.0
-40.1571555555556,-19.94995,-41,-19,50,,,,,,139.0-071.0
-40.1571555555556,-19.94995,-41,-19,50,,,,,,139.0-071.0
-40.1571555555556,-19.94995,-41,-19,50,-1.02530881517131,,,,,139.0-071.0
-40.1571555555556,-19.94995,-41,-19,50,-1.02172096470986,,,,,139.0-071.0
-40.1571555555556,-19.94995,-41,-19,50,-1.02106197176796,,,,,139.0-071.0
-40.1571555555556,-19.94995,-41,-19,50,-1.02098875032997,,,,,139.0-071.0
-40.1571555555556,-19.94995,-41,-19,50,-1.02508915085734,,,,,139.0-071.0
-40.1571555555556,-19.94995,-41,-19,50,-1.02325861490762,,,,,139.0-071.0
,,-41,-19,50,,-0.779188922939361,1.08610551552326,2.12733237678159,1,139.0-071.0
-40.1452333333333,-2.86856666666667,-41,-3,50,0.561692631797665,-0.51921265721201,,,,139.0-087.0
-40.1337333333333,-2.84381666666667,-41,-3,50,0.354622405165375,-0.615764612729378,,,,139.0-087.0
-40.0314,-2.84998333333333,-41,-3,50,-0.0598109338511605,-0.51921265721201,,,,139.0-087.0
,,-41,-3,49,,,0.269914885706418,0.317186916821086,1,139.0-087.0
-37.7794833333333,-4.47705,-37,-5,50,-0.336148640820843,-0.470936679453326,,,,143.0-085.0
-37.7862833333333,-4.44888333333333,-37,-5,50,0.101129786848194,-0.374077233631763,,,,143.0-085.0
-37.782075,-4.53914166666667,-37,-5,50,-0.382131703877802,0.0607140565005874,,,,143.0-085.0
,,-37,-5,44,,,-0.914339313688525,-0.208433245370047,1,143.0-085.0
48.5,-13.4333333333333,49,-13,50,-0.410248736065496,0.0885419290302746,,,,229.0-077.0
48.5,-13.4333333333333,49,-13,50,-0.866711180487596,-0.581479443811586,,,,229.0-077.0
48.5,-13.4333333333333,49,-13,50,-0.977055887536698,-0.739221969863846,,,,229.0-077.0
,,49,-13,49,,,0.50105022544872,1.05836920287121,1,229.0-077.0
58.481,23.62,59,23,50,-0.572507442648649,-0.180973322597027,,,,239.0-113.0
58.481,23.62,59,23,50,-0.352843128682287,0.0957679511788674,,,,239.0-113.0
58.481,23.62,59,23,50,0.92120989232261,0.83374468124792,,,,239.0-113.0
,,59,23,50,,,-1.75040180507357,-1.38589851037998,1,239.0-113.0
75.46,11.76,75,11,50,0.232562268038067,0.290101823430385,,,,255.0-101.0
75.46,11.76,75,11,50,0.262363393299503,0.41309794510856,,,,255.0-101.0
75.46,11.76,75,11,50,0.719631273539479,0.660012659377497,,,,255.0-101.0
,,75,11,50,,,-0.39454951275204,0.0993273328840193,1,255.0-101.0
79.8333333333333,8.25,79,9,50,-0.404098135274438,,,,,259.0-099.0
79.8333333333333,8.25,79,9,50,-0.609118161643042,,,,,259.0-099.0
79.8333333333333,8.25,79,9,50,0.730834153551763,,,,,259.0-099.0
79.8333333333333,8.25,79,9,50,0.386693395004464,,,,,259.0-099.0
79.8333333333333,8.25,79,9,50,0.232928375228011,,,,,259.0-099.0
79.8333333333333,8.25,79,9,50,-0.50660814845874,,,,,259.0-099.0
,,79,9,46,,-0.619797873539699,-1.04573809368638,-0.454139080995771,1,259.0-099.0
119.783333333333,25.5166666666667,119,25,9,-0.985879070814347,-0.773107401386184,,,,299.0-115.0
119.783333333333,25.5166666666667,119,25,9,-0.964849873823967,-0.739852324987447,,,,299.0-115.0
119.783333333333,25.5166666666667,119,25,9,-0.8856169557763,-0.593148700855803,,,,299.0-115.0
119.783333333333,25.5166666666667,119,25,9,,,,,,299.0-115.0
119.783333333333,25.5166666666667,119,25,9,,,,,,299.0-115.0
119.783333333333,25.5166666666667,119,25,9,,,,,,299.0-115.0
,,119,25,23,,,-1.3783332560724,-0.628021570349255,1,299.0-115.0
120.314166666667,23.9341666666667,121,23,50,0.0894143567699877,0.675387174587269,,,,301.0-113.0
120.314166666667,23.9341666666667,121,23,50,-0.576900728927976,0.650787950251634,,,,301.0-113.0
120.088888888889,23.1186111111111,121,23,50,-0.262780759956079,0.437082188835804,,,,301.0-113.0
,,121,23,47,,,-0.0399423155081209,-0.0465719944828764,1,301.0-113.0
125.785,-8.50833333333333,125,-9,50,0.595374493272507,,,,,305.0-081.0
125.785,-8.50833333333333,125,-9,50,0.399873253842445,,,,,305.0-081.0
125.785,-8.50833333333333,125,-9,50,-0.652318810056427,,,,,305.0-081.0
125.785,-8.50833333333333,125,-9,50,-0.158074103632113,,,,,305.0-081.0
125.785,-8.50833333333333,125,-9,50,-0.712360389207232,,,,,305.0-081.0
125.785,-8.50833333333333,125,-9,50,-0.889556269140097,,,,,305.0-081.0
,,125,-9,49,,-0.524419314666606,0.183009551630316,0.743139309357364,1,305.0-081.0
153.136388888889,-27.4008333333333,153,-27,50,0.159706937239223,0.818370166038148,,,,333.0-063.0
153.136388888889,-27.4008333333333,153,-27,50,1.47037067723851,1.00286434855541,,,,333.0-063.0
153.136388888889,-27.4008333333333,153,-27,50,-0.22104454030247,1.07973692460427,,,,333.0-063.0
,,153,-27,48,,,0.125209271090968,1.44469256324858,1,333.0-063.0
-87.6405555555556,15.8741666666667,-87,15,50,1.15551849388673,,,,,093.0-105.0
-87.5958333333333,15.7852777777778,-87,15,50,0.106987501887297,,,,,093.0-105.0
-87.6333333333333,15.8911111111111,-87,15,50,0.673721431920509,,,,,093.0-105.0
-87.5780555555556,15.8222222222222,-87,15,50,4.42412348570619,,,,,093.0-105.0
-87.5952777777778,15.8222222222222,-87,15,50,2.83521828134951,,,,,093.0-105.0
,,-87,15,48,,1.11706084592881,1.00087011206976,0.704120544042341,1,093.0-105.0
106,19.9333333333333,107,19,2,-0.755561037620617,,,,,287.0-109.0
106,19.9333333333333,107,19,3,-0.415081350972756,,,,,287.0-109.0
106,19.9333333333333,107,19,9,-0.659640953855305,,,,,287.0-109.0
106,19.9333333333333,107,19,19,-0.0174889426936415,,,,,287.0-109.0
106,19.9333333333333,107,19,27,1.47988946417706,,,,,287.0-109.0
,,107,19,42,,-0.606945703020825,-0.749092554687862,-0.872120626187783,1,287.0-109.0
-97.08,27.86,-97,27,50,-0.928133715958869,-0.788571088784172,,,,083.0-117.0
-97.08,27.86,-97,27,50,-0.970487192334724,-0.636429498622832,,,,083.0-117.0
,,-97,27,36,,,-1.54370774245933,-0.872570113998561,1,083.0-117.0
-87.6113888888889,13.4275,-87,13,50,1.58459612050102,,,,,093.0-103.0
-87.4705555555556,13.3669444444444,-87,13,50,-0.698448315989363,,,,,093.0-103.0
-87.1836111111111,13.1144444444444,-87,13,50,-0.262048545576191,,,,,093.0-103.0
-87.4755555555556,13.3675,-87,13,50,-0.622298020481024,,,,,093.0-103.0
,,-87,13,49,,-0.283622109616228,-0.379958536493732,-0.732888236007828,1,093.0-103.0
-82.25,9.35,-83,9,50,-0.590812802145845,,,,,097.0-099.0
-82.25,9.35,-83,9,50,-0.863928765844021,,,,,097.0-099.0
-82.25,9.35,-83,9,50,-0.965706564648436,,,,,097.0-099.0
-82.25,9.35,-83,9,50,0.396212181943006,,,,,097.0-099.0
,,-83,9,49,,-0.15495670937352,0.672873213118845,-0.0891790154058901,1,097.0-099.0
-82.95,22.8666666666667,-83,23,50,,,,,,097.0-113.0
-82.95,22.8666666666667,-83,23,50,,,,,,097.0-113.0
-82.7833333333333,22.6833333333333,-83,23,50,,-0.740913166536921,,,,097.0-113.0
-82.7833333333333,22.6833333333333,-83,23,50,,-0.772277177564856,,,,097.0-113.0
-82.775,22.708,-83,23,50,,-0.594547781739892,,,,097.0-113.0
-82.775,22.708,-83,23,50,,-0.691407227561456,,,,097.0-113.0
,,-83,23,50,-0.479192429565687,,0.198094332930537,-0.418717830108499,1,097.0-113.0
-77.2583333333333,3.83638888888889,-77,3,50,-0.517664585595047,7.07579785641533,,,,103.0-093.0
-77.2063888888889,3.84222222222222,-77,3,50,-0.22704869821755,12.625997847143,,,,103.0-093.0
,,-77,3,50,,,0.576936585573053,1.54070392861377,1,103.0-093.0
100.1,13.05,101,13,50,-0.277425047553836,,,,,281.0-103.0
100.1,13.05,101,13,50,0.488690858122844,,,,,281.0-103.0
100.1,13.05,101,13,50,-0.530917665871017,,,,,281.0-103.0
100.1,13.05,101,13,50,-1.00817499868193,,,,,281.0-103.0
,,101,13,48,,-0.415226308972786,-0.843607929960405,-0.716181705371101,1,281.0-103.0
106.719983333333,-6.08716111111111,107,-7,50,-1.01616829018142,,,,,287.0-083.0
106.738458333333,-6.09974722222222,107,-7,50,-1.01107701322232,,,,,287.0-083.0
106.748025,-6.10065,107,-7,50,-1.00289407819844,,,,,287.0-083.0
106.759575,-6.10424722222222,107,-7,50,-1.00575614312226,,,,,287.0-083.0
,,107,-7,40,,-0.746668457139106,-1.48148535586577,-0.934765696561193,1,287.0-083.0
116.616666666667,-20.7166666666667,117,-21,50,0.0102833655559043,-0.147858982145212,,,,297.0-069.0
116.616666666667,-20.7166666666667,117,-21,50,-0.611774868685113,-0.548142218375961,,,,297.0-069.0
,,117,-21,50,,,-1.53698700441233,-1.07893006969016,1,297.0-069.0
118.616666666667,-20.3333333333333,119,-21,50,-0.0242754252352635,0.0158932508582779,,,,299.0-069.0
118.616666666667,-20.3333333333333,119,-21,50,-0.0674739137242218,-0.657310373711617,,,,299.0-069.0
,,119,-21,50,,,-1.48019245229753,-1.11493008077048,1,299.0-069.0
120.298888888889,27.2777777777778,121,27,50,-0.785442706463841,-0.553682320312319,,,,301.0-117.0
120.202777777778,27.2661111111111,121,27,7,-0.918764300753824,-0.743757451850729,,,,301.0-117.0
,,121,27,12,,,-1.48478816396128,-0.745166522547169,1,301.0-117.0
151.162,-34.017,151,-35,7,-1.0083761564786,,,,,331.0-055.0
151.162,-34.017,151,-35,37,-0.841817500833782,,,,,331.0-055.0
151.162,-34.017,151,-35,50,-0.75129649233116,,,,,331.0-055.0
151.162,-34.017,151,-35,50,0.0597717438523267,,,,,331.0-055.0
,,151,-35,49,,-0.719889670026292,0.223507182576966,2.14786121396133,1,331.0-055.0
-90.25,20.7,-91,21,50,,-0.713817345399141,,,,089.0-111.0
-90.25,20.7,-91,21,50,,-0.682667253838384,,,,089.0-111.0
-90.25,20.7,-91,21,50,,-0.387636479830717,,,,089.0-111.0
,,-91,21,50,-0.74196523344776,,0.61825134676806,0.875392398269266,1,089.0-111.0
-88.1,16.8333333333333,-89,17,50,,,3.06825160821614,,,091.0-107.0
-88.1,16.8333333333333,-89,17,50,,,-0.946926351868928,,,091.0-107.0
-88.1,16.8333333333333,-89,17,50,,,,0.175601916510144,,091.0-107.0
,,-89,17,49,-0.400881526825758,-0.438465994082469,,,1,091.0-107.0
-81.764,26.074,-81,27,50,,1.50960836986949,,,,099.0-117.0
-81.764,26.074,-81,27,50,,0.173255507836118,,,,099.0-117.0
-81.764,26.074,-81,27,50,,0.0934617738974016,,,,099.0-117.0
,,-81,27,50,-0.457433454931521,,0.0990652715087399,-0.143578344549818,1,099.0-117.0
-80.7061111111111,28.5452777777778,-81,29,50,-0.191755965106955,-0.473089111582694,,,,099.0-119.0
-80.918,29.047,-81,29,50,-0.963217035756817,,,,,099.0-119.0
,,-81,29,48,,,-0.224646299880735,0.32946432879672,1,099.0-119.0
-79,1,-79,1,50,1.8877328737746,,,,,101.0-091.0
-80,0.5,-79,1,50,-0.528574579855376,,,,,101.0-091.0
-80,0.166666666666667,-79,1,50,-0.513930292257619,,,,,101.0-091.0
,,-79,1,50,,0.00259321809316989,1.061157349619,2.29471945312395,1,101.0-091.0
-77.2511111111111,4.11,-77,5,50,0.0166322474091333,12.9796116969677,,,,103.0-095.0
-77.5,4.5,-77,5,50,0.656953722621077,,,,,103.0-095.0
,,-77,5,50,,,0.259779874016372,0.780703969059363,1,103.0-095.0
-69.6666666666667,19.1666666666667,-69,19,50,0.404266540121773,,,,,111.0-109.0
-69.6666666666667,19.1666666666667,-69,19,50,1.5318766851491,,,,,111.0-109.0
-69.6666666666667,19.1666666666667,-69,19,50,0.30541759883691,,,,,111.0-109.0
,,-69,19,50,,-0.243430659502275,0.825195504908934,0.0453708794807203,1,111.0-109.0
-67,18,-67,19,50,-0.689368857678753,-0.63652020826257,,,,113.0-109.0
-67,18,-67,19,50,,,1.30261022404674,,,113.0-109.0
,,-67,19,50,,,,1.31752490146009,1,113.0-109.0
-48.75,-26.2,-49,-27,50,-0.94091239453811,,,,,131.0-063.0
-48.75,-26.2,-49,-27,50,-0.840997202673255,,,,,131.0-063.0
-48.75,-26.2,-49,-27,50,-0.985415652333315,,,,,131.0-063.0
,,-49,-27,50,,-0.639365878681631,1.04280237302529,3.05330145820654,1,131.0-063.0
-43.5747222222222,-23.0130555555556,-43,-23,50,,2.35305427427758,,,,137.0-067.0
-44,-23,-43,-23,50,-0.56152422695033,-0.731380967106863,,,,137.0-067.0
,,-43,-23,50,,,1.00303098050784,1.54123854805839,1,137.0-067.0
-34.8275,-7.81222222222222,-35,-7,50,-1.00627124129422,,,,,145.0-083.0
-34.8275,-7.81222222222222,-35,-7,50,-0.428480874124704,,,,,145.0-083.0
-34.8275,-7.81222222222222,-35,-7,50,-0.876156745988149,,,,,145.0-083.0
,,-35,-7,50,,-0.476321394503326,0.598525345795952,0.783439642664396,1,145.0-083.0
31.05,-29.8,31,-29,50,-0.479735880716855,-0.708780429748498,,,,211.0-061.0
31.05,-29.8,31,-29,50,-0.881355468085353,,,,,211.0-061.0
,,31,-29,46,,,0.0379292269381778,0.93962889160785,1,211.0-061.0
102.508333333333,6.86666666666667,103,7,50,,,,,,283.0-097.0
102.508333333333,6.86666666666667,103,7,50,,,,,,283.0-097.0
102.508333333333,6.86666666666667,103,7,50,,,,,,283.0-097.0
102.508333333333,6.86666666666667,103,7,50,,,,,,283.0-097.0
102.508333333333,6.86666666666667,103,7,50,,,,,,283.0-097.0
102.508333333333,6.86666666666667,103,7,50,,,,,,283.0-097.0
102.508333333333,6.86666666666667,103,7,50,,,,,,283.0-097.0
102.508333333333,6.86666666666667,103,7,50,,,,,,283.0-097.0
102.508333333333,6.86666666666667,103,7,50,-1.00696999347695,,,,,283.0-097.0
102.178611111111,6.213,103,7,50,0.63564628416634,-0.537508330311638,,,,283.0-097.0
,,103,7,41,,,-0.212920219660323,-0.671425962115252,1,283.0-097.0
105.25,-5.51666666666667,105,-5,28,-0.63035237865979,,,,,285.0-085.0
105.25,-5.51666666666667,105,-5,28,-0.729933534324541,,,,,285.0-085.0
105.25,-5.51666666666667,105,-5,32,0.877277029529338,,,,,285.0-085.0
,,105,-5,44,,-0.409374007794041,-0.152950237871515,-0.968322105701718,1,285.0-085.0
110.45,-5.81666666666667,111,-5,50,-1.00304949802272,,,,,291.0-085.0
110.45,-5.81666666666667,111,-5,50,-0.562988655710106,,,,,291.0-085.0
110.45,-5.81666666666667,111,-5,50,0.256359235384422,,,,,291.0-085.0
,,111,-5,47,,-0.583517388712403,0.301332284778031,-0.625390081895993,1,291.0-085.0
117.91,24.39,117,25,20,-0.342811791677823,0.207386931601812,,,,297.0-115.0
117.91,24.39,117,25,20,,,,1.70454747404407,,297.0-115.0
,,117,25,14,,,0.539340108746407,,1,297.0-115.0
119.9875,16.2023,119,17,8,-0.893144119601548,,,,,299.0-107.0
119.9638,16.3711,119,17,11,-0.709504753125669,,,,,299.0-107.0
119.9303,16.2432,119,17,18,-0.179894092152772,,,,,299.0-107.0
,,119,17,44,,0.0801975364076009,0.818007954449736,1.08758398562719,1,299.0-107.0
158.286,6.886,159,7,50,,-0.647128623757312,,,,339.0-097.0
158.286,6.886,159,7,50,,-0.451564790289013,,,,339.0-097.0
158.286,6.886,159,7,50,,-0.788420418535116,,,,339.0-097.0
,,159,7,50,1.01772308727289,,0.628678178944879,-0.507438045654314,1,339.0-097.0
-85.9438888888889,16.4183333333333,-85,17,50,-0.264977403095742,,,,,095.0-107.0
-85.8630555555555,16.4547222222222,-85,17,50,-0.972296494067426,,,,,095.0-107.0
,,-85,17,50,,-0.393094598546149,1.00612523009293,0.00743868278597313,1,095.0-107.0
-66.24,17.94,-67,17,50,,,-1.51629952829166,,,113.0-107.0
-66.24,17.94,-67,17,50,,,-1.27803705861617,,,113.0-107.0
,,-67,17,48,-0.751285918217117,-0.71799816557603,,-0.785732979434485,1,113.0-107.0
-48.7,-25.4833333333333,-49,-25,50,,0.656937756335543,,,,131.0-065.0
-48.5666666666667,-25.8333333333333,-49,-25,50,,1.95762174308225,,,,131.0-065.0
,,-49,-25,50,-0.610102702007429,,1.12465845966831,3.27850829300086,1,131.0-065.0
-35.25,-5.79166666666667,-35,-5,50,-0.397068877227514,-0.526899914816896,,,,145.0-085.0
,,-35,-5,48,,,0.573256503626998,1.27245768448381,1,145.0-085.0
34.75,-20.1833333333333,35,-21,50,-0.595132866987184,0.136817906788959,,,,215.0-069.0
,,35,-21,49,,,-0.624698300068549,0.240850090614744,1,215.0-069.0
39.714,-9.988,39,-9,50,-0.504411505319076,0.326385679325446,,,,219.0-081.0
,,39,-9,50,,,0.00475627326286019,0.542419048595642,1,219.0-081.0
81.6661111111111,7.66805555555556,81,7,50,-0.887359626000433,,,,,261.0-097.0
81.725,7.62777777777778,81,7,20,-0.762883181419495,,,,,261.0-097.0
81.7138888888889,7.63611111111111,81,7,30,,,,,,261.0-097.0
,,81,7,49,,-0.640182603559629,-0.446549402024555,0.0251036089198324,1,261.0-097.0
99.852,6.753,99,7,50,-0.351085814170556,0.48797183418015,,,,279.0-097.0
,,99,7,50,,,0.45417634745295,-0.930967517828599,1,279.0-097.0
113.95,-21.9666666666667,113,-21,50,-0.0156357275374708,-0.620920988599733,,,,293.0-069.0
,,113,-21,49,,,-1.45788351822267,-0.649715095200157,1,293.0-069.0
114.116666666667,-22.3166666666667,115,-23,50,-0.222988472284477,-0.275221830036813,,,,295.0-067.0
,,115,-23,49,,,-1.5624914661214,-1.12467827373572,1,295.0-067.0
118.717222222222,10.0508333333333,119,11,50,3.08270674175161,2.16364024689319,,,,299.0-101.0
,,119,11,50,,,0.738103194761334,-0.226716513930273,1,299.0-101.0
121.458888888889,25.1352777777778,121,25,50,-0.428261209810738,-0.342405732299633,,,,301.0-115.0
,,121,25,48,,,-1.06306283076138,-0.278619466545756,1,301.0-115.0
-80.5,-0.5,-81,-1,50,0.804055591540551,,,,,099.0-089.0
,,-81,-1,35,,-0.414434737865195,-0.119398715981615,0.619564421503755,1,099.0-089.0
32.6381944444444,-25.9166666666667,33,-25,50,-0.959263078105422,,,,,213.0-065.0
,,33,-25,48,,-0.484771363188363,-0.599161166285911,0.405829970943496,1,213.0-065.0
106.990494444444,-5.93850833333333,107,-5,50,-0.99630848348858,,,,,287.0-085.0
,,107,-5,25,,-0.795712003942602,-0.747555980459799,-0.792237865162646,1,287.0-085.0
115.233333333333,4.93333333333333,115,5,15,-0.171327183908083,,,,,295.0-095.0
,,115,5,49,,0.366376047041206,0.942117685624451,-0.417077665202329,1,295.0-095.0
119.9234,15.4937,119,15,50,0.0766738265599387,,,,,299.0-105.0
,,119,15,47,,-0.429341433963425,-0.113153843275913,0.268109230007117,1,299.0-105.0
,,-179,-19,50,-0.00147767782439045,-0.0750555710127141,0.98014997761441,-0.711928981932843,,001.0-071.0
,,-179,-17,49,-0.0490720640759732,-0.120541117670018,1.31199489849118,1.81515651493839,,001.0-073.0
,,-177,-13,50,0.371712123733008,0.313654334618593,0.721341669919303,-1.29004285961455,,003.0-077.0
,,-175,-21,49,-0.384637608434699,-0.442876138411295,0.667423923739368,0.932823933182913,,005.0-069.0
,,-175,-19,49,-0.635926422678461,-0.642526959280508,0.638258125212333,0.147641605994101,,005.0-071.0
,,-173,-19,50,-0.528778869736956,-0.558261096598406,1.03319272339123,0.000693334745290869,,007.0-071.0
,,-173,-13,47,0.42389545807887,0.365439345680058,0.337473874128141,-0.0781247236166826,,007.0-077.0
,,-171,-15,49,0.445621710898899,0.391852747197093,0.786665582896449,-0.207415410758777,,009.0-075.0
,,-171,-13,50,0.381993196009534,0.323509192256365,0.798077706667293,0.788856858338098,,009.0-077.0
,,-171,-3,50,-0.84834068908012,-0.781628140087472,-0.0399423155081209,-0.0465719944828764,,009.0-087.0
,,-159,-19,50,-0.717288193478346,-0.700059226326152,0.489901896229858,1.51466960426802,,021.0-071.0
,,-159,21,50,-0.39629174834785,-0.450086613231182,0.671476051753933,2.08510427390446,,021.0-111.0
,,-157,21,50,-0.380533557057972,-0.433858153478417,0.243665673612998,1.24219596269405,,023.0-111.0
,,-155,19,50,-0.610831908401672,-0.622411998283712,-0.775879864536647,0.53778082122155,,025.0-109.0
,,-151,-17,50,-0.587511532551634,-0.602979361731997,1.28765375816745,1.30304566307576,,029.0-073.0
,,-149,-17,46,-0.745649256338988,-0.716880262567927,1.50326324696147,2.15125407094719,,031.0-073.0
,,-113,25,45,-0.568527902725218,-0.57968838489258,-0.740946633618507,0.0220409977489501,,067.0-115.0
,,-113,27,40,-0.731584867080602,-0.705016443300431,-1.28387290770721,-0.573328118365982,,067.0-117.0
,,-113,29,50,-0.579597199698605,-0.595896212262381,-1.32182226016405,-0.794679557283364,,067.0-119.0
,,-111,25,46,-0.629372226171472,-0.630621272153745,-0.653934154337237,0.227669870131958,,069.0-115.0
,,-111,27,46,-0.563498777701116,-0.579508932346168,-1.42153969011645,-0.839741804897739,,069.0-117.0
,,-111,29,48,-0.542519401184528,-0.563472373160284,-1.76391190761396,-1.34613267176063,,069.0-119.0
,,-109,25,48,-0.442131702910407,-0.48694381553977,-0.66299641833859,-0.596587675648343,,071.0-115.0
,,-109,27,48,-0.549681408181381,-0.571437381483547,-1.53163970274642,-0.983051776682171,,071.0-117.0
,,-107,23,45,-0.526768652402468,-0.555098369411272,-0.670339801397727,0.157374512694107,,073.0-113.0
,,-107,25,48,-0.50214070235048,-0.538116085805091,-0.681261533134727,-0.330876110819748,,073.0-115.0
,,-105,19,49,-0.408495149307635,-0.457347621277799,0.246494598224823,0.565567516718583,,075.0-109.0
,,-105,21,50,-0.336742044185212,-0.396367001620512,-0.25945874989272,-0.00717494122529104,,075.0-111.0
,,-105,23,49,-0.451645179518454,-0.496630361021179,-0.319391772482146,-0.646437921957103,,075.0-113.0
,,-103,17,50,0.0978968932887699,0.0358668080950447,0.678172466878071,0.647685661872738,,077.0-107.0
,,-103,19,50,-0.188668730576823,-0.250134362904856,0.503545926335833,0.11635666268819,,077.0-109.0
,,-101,17,49,-0.0953834649169715,-0.140190051815464,0.034915476428463,0.575679267019271,,079.0-107.0
,,-99,17,48,-0.349768776533271,-0.381085295941786,-0.258762031027443,0.064548365989806,,081.0-107.0
,,-99,23,48,-0.692594484700204,-0.682887085365834,-0.796611134348637,-0.0164386590776883,,081.0-113.0
,,-97,15,49,-0.132707735262675,-0.206056391750406,0.208808075107415,0.428046410367849,,083.0-105.0
,,-97,17,48,-0.169687460743939,-0.223408816787978,0.176254939128594,-0.00697814098118795,,083.0-107.0
,,-97,19,49,0.0772635246204681,0.0023976848527063,0.0523342337922024,0.365802825777354,,083.0-109.0
,,-97,21,50,-0.258412442653004,-0.325136654931846,0.384447113480033,0.38984012574297,,083.0-111.0
,,-97,23,48,-0.60429986414576,-0.61665987503604,-0.204573918616392,0.0671482552693717,,083.0-113.0
,,-97,25,45,-0.635100203501834,-0.641871558027277,-1.75471189419362,-1.17226370651038,,083.0-115.0
,,-95,15,48,-0.467922449514938,-0.494238816077938,-0.456376810311805,0.428551408132451,,085.0-105.0
,,-95,17,47,-0.307392144996841,-0.346278787530992,-0.171380248766583,0.511873513283653,,085.0-107.0
,,-95,19,50,0.0576400552536405,-0.0249359250992352,0.372270196413597,-0.805475010487653,,085.0-109.0
,,-93,17,46,0.148564504405967,0.119006467471876,-0.655353670322495,-0.057944740132967,,087.0-107.0
,,-91,-1,49,-0.361615937347797,-0.398498615028357,-0.281141907146532,0.996774143756785,,089.0-089.0
,,-91,1,48,-0.394076719007299,-0.447574498890222,-1.45549001396109,-0.675271496681475,,089.0-091.0
,,-91,13,49,0.110972085490658,0.0725757116023876,0.526735105815821,0.415019572227448,,089.0-103.0
,,-91,15,49,0.178686969907371,0.168289641505568,0.0425093910110978,0.333821370395845,,089.0-105.0
,,-91,29,40,-0.563654090407261,-0.583895991176751,-0.470739410173245,-0.197852927750005,,089.0-119.0
,,-89,-1,50,-0.584308724664773,-0.601728852057354,-1.25177204472494,-0.413798552822111,,091.0-089.0
,,-89,13,50,-0.248401211860432,-0.309392563295733,0.522980317909334,-0.623004154849692,,091.0-103.0
,,-89,15,45,-0.304092794771068,-0.350934088657026,0.683953152414735,1.0398142139412,,091.0-105.0
,,-89,19,50,-0.664208546347034,-0.652090950503893,-0.293854487580112,-0.0895032933198805,,091.0-109.0
,,-89,21,49,-0.713104318738704,-0.694430071185353,0.269879957590787,0.278931897942212,,091.0-111.0
,,-89,29,42,-0.726552033878064,-0.704804050384899,-0.815460204907538,-0.0292930759896055,,091.0-119.0
,,-87,11,49,-0.797523939229899,-0.736658167434512,-0.475008272513596,0.0428087387952655,,093.0-101.0
,,-87,21,50,-0.655130021247349,-0.647412395856384,-0.068847435980251,0.0779267180596801,,093.0-111.0
,,-85,9,49,0.0346189203018588,-0.0281646798163763,0.791253560569007,0.379870009111302,,095.0-099.0
,,-85,11,49,-0.0431412408298328,-0.106599173858047,0.344492927395508,-0.358834316425537,,095.0-101.0
,,-85,15,49,-0.0963275457199633,-0.144523022089632,0.709391722651748,0.233040698231033,,095.0-105.0
,,-85,21,50,-0.332386309013932,-0.392963074562758,0.747431994621694,-0.211762028016676,,095.0-111.0
,,-85,23,50,-0.292604429450455,-0.359876127360183,0.378359601943206,-0.451418915023684,,095.0-113.0
,,-83,11,48,-0.757853995609518,-0.7231980340935,0.338038931607353,-0.266143886454402,,097.0-101.0
,,-83,13,49,-0.341606706687791,-0.390602989982082,0.218493170284959,-0.189079778232581,,097.0-103.0
,,-83,15,49,-0.394613553881035,-0.431654841902483,0.496280255272048,-0.133672364201567,,097.0-105.0
,,-83,21,50,-0.59235212109315,-0.603816610438172,0.0960803763983127,-0.188660540786137,,097.0-111.0
,,-83,29,48,-0.428017995128366,-0.476670909641773,-0.473181879934693,0.0973947220206981,,097.0-119.0
,,-81,-5,35,-0.791201882222285,-0.746374512027944,-1.20115318872955,-0.308465627245235,,099.0-085.0
,,-81,-3,48,-0.309200716714693,-0.369823854001086,0.144641381452282,0.599222941669538,,099.0-087.0
,,-81,7,50,0.433268970687637,0.390182054856397,0.446436182363713,-0.328164860659942,,099.0-097.0
,,-81,9,50,0.434205684427109,0.460976458321365,0.490362871356548,-0.0406822900220714,,099.0-099.0
,,-81,13,49,-0.909829733376482,-0.812919398174009,0.430803766625226,-0.805339621653245,,099.0-103.0
,,-81,19,50,-0.122747593349448,-0.195727525437341,0.617849784468913,-0.855308030716902,,099.0-109.0
,,-81,21,48,-0.625871084024163,-0.626915341282027,-0.571190725409817,-0.145694650347165,,099.0-111.0
,,-81,23,49,-0.675740456876261,-0.664156322426245,0.0201293100565151,-0.524991835333205,,099.0-113.0
,,-79,-3,49,-0.225511455534366,-0.296093941518761,0.749274115483255,0.977725191105481,,101.0-087.0
,,-79,3,50,-0.0560384307620869,-0.133203057483621,0.650931460410441,1.470264013289,,101.0-093.0
,,-79,7,50,-0.308749106954823,-0.374443964317773,0.579942590400945,-0.143404132683237,,101.0-097.0
,,-79,9,50,0.187717448966613,0.136549467332775,0.401465905950741,-0.0934366092511531,,101.0-099.0
,,-79,19,50,-0.142590060482526,-0.208893611373905,0.680604707585812,-0.211240974557692,,101.0-109.0
,,-79,21,49,-0.668583163334347,-0.6587431401546,-0.229712373815384,-0.721991993487093,,101.0-111.0
,,-79,23,50,-0.675466063548586,-0.66820244120529,-0.116356688550946,-0.677780356447958,,101.0-113.0
,,-79,25,50,-0.767536754794129,-0.729590127983926,-1.27736162956867,-0.570200475883559,,101.0-115.0
,,-79,27,50,-0.618325933986218,-0.626625778995174,-1.39141023430666,-0.725216620542767,,101.0-117.0
,,-77,7,50,-0.448857694499648,-0.480829802879465,0.507114091507723,0.452217324172178,,103.0-097.0
,,-77,9,48,-0.350956715783822,-0.352062869776462,0.166761510817457,-0.643347089272482,,103.0-099.0
,,-77,17,50,-0.600334530403263,-0.601562226152958,0.352304845818396,-0.186480768842161,,103.0-107.0
,,-77,19,49,-0.525906146593371,-0.524890869273712,0.260967532029126,0.0664331892584587,,103.0-109.0
,,-77,21,50,-0.658827747984464,-0.65429142496823,-0.244657511474241,-0.487039689674626,,103.0-111.0
,,-77,23,50,-0.772532215149968,-0.732983528825817,-1.22162832613745,-0.556910792073719,,103.0-113.0
,,-77,25,50,-0.774775747591943,-0.733388648438029,-1.14950828628327,-0.564349824077951,,103.0-115.0
,,-77,27,50,-0.624466776533851,-0.629093113537572,-1.1381249799033,-0.422230207163197,,103.0-117.0
,,-75,9,49,0.373047667618519,0.34852473621924,0.184099367972112,-1.026576316705,,105.0-099.0
,,-75,11,48,-0.191176351200293,-0.242890408816606,-0.00619155177884777,-0.755023359479649,,105.0-101.0
,,-75,19,49,-0.583780757900014,-0.591022802952189,-0.71717075944176,-0.182518307686749,,105.0-109.0
,,-75,21,50,-0.602504915011383,-0.609460997982018,0.148789176187383,0.119609538060044,,105.0-111.0
,,-75,23,50,-0.840290252699461,-0.773660460772504,-0.687553858793186,-0.160170205986394,,105.0-113.0
,,-75,25,50,-0.818714731845294,-0.762077518368896,-0.258723323158578,-0.0566977062498948,,105.0-115.0
,,-73,9,50,-0.607205655697816,-0.618022039511582,0.906189462208879,0.40724503466935,,107.0-099.0
,,-73,11,50,-0.588047070213709,-0.600844086954155,0.192315179931508,0.376881025699662,,107.0-101.0
,,-73,19,49,-0.603258822297979,-0.611472561364702,-0.0916698829974778,0.0229035190458884,,107.0-109.0
,,-73,21,50,-0.918590385146247,-0.816984319870454,-1.18464049588552,-0.461081567021456,,107.0-111.0
,,-73,23,49,-0.90076648357165,-0.807572082470817,-1.20357131443285,-0.500037933682784,,107.0-113.0
,,-71,9,46,-0.653187796996938,-0.630558173555623,0.221937786904694,-0.629710538927197,,109.0-099.0
,,-71,11,50,-0.382131718713098,-0.416070680628517,-0.124070107085272,-1.08219635362494,,109.0-101.0
,,-71,13,50,-0.773726427249445,-0.731618215613169,-1.49469809847166,-0.952767489178615,,109.0-103.0
,,-71,17,50,-0.393472496927885,-0.430029259181694,0.946784698852829,0.339585506466373,,109.0-107.0
,,-71,21,49,-0.929772166695358,-0.822178938399465,-1.27424900056218,-0.516606681095237,,109.0-111.0
,,-69,11,50,-0.799647471538813,-0.748880474905671,-0.222421240180582,0.320393210871936,,111.0-101.0
,,-69,13,50,-0.806183567365636,-0.753945807434359,-0.638542105811712,0.31229258071623,,111.0-103.0
,,-67,11,50,-0.74917817092916,-0.714854770551394,0.311820584865256,0.477382148258172,,113.0-101.0
,,-65,11,47,-0.748318347089131,-0.714926464860959,0.383260910881115,0.32780428963642,,115.0-101.0
,,-65,17,47,-0.516328461573737,-0.537083748060055,0.365486021117677,0.787768253951408,,115.0-107.0
,,-65,19,50,-0.338804026045016,-0.394025352564244,1.13654727900079,0.939561881159883,,115.0-109.0
,,-65,33,50,-0.84123761174156,-0.776521925080663,-0.495430794294329,0.700849316980009,,115.0-123.0
,,-63,9,49,-0.147129255851112,-0.183354694166155,0.856551218437321,0.216605096051851,,117.0-099.0
,,-63,11,50,-0.383176761823603,-0.419375639461968,0.903606721760143,-0.157250265256083,,117.0-101.0
,,-63,17,50,-0.654954379088629,-0.649839443032988,0.0240716174558446,1.1936364313243,,117.0-107.0
,,-63,19,47,-0.639504324934586,-0.643731598154192,-0.732767775655335,0.295573290686198,,117.0-109.0
,,-61,9,47,0.19046230817147,0.155082604410549,1.04489702602199,0.0964925563899262,,119.0-099.0
,,-61,11,49,-0.173325921282852,-0.237575047449359,0.866883429054722,0.228182703747303,,119.0-101.0
,,-61,13,49,-0.479728577070381,-0.502550560349234,0.537583880560452,0.757125960288157,,119.0-103.0
,,-61,15,49,-0.539815532375596,-0.552301016569984,1.0555588975255,1.4050534867474,,119.0-105.0
,,-61,17,49,-0.585089467752841,-0.597644715583561,1.07117429888283,1.44111205271232,,119.0-107.0
,,-59,7,44,-0.0780726590156201,-0.0745995473302593,0.980726330252699,-0.620755751230565,,121.0-097.0
,,-59,9,48,0.116355272785734,0.0768918058102996,1.1902722960848,0.308700328832387,,121.0-099.0
,,-59,13,41,-0.438661988461954,-0.486481110520316,-0.688959394625201,0.380786168034125,,121.0-103.0
,,-57,5,43,-0.254538275443323,-0.292634584200519,0.762866552153883,0.0963829253593055,,123.0-095.0
,,-57,7,42,-0.511614068715633,-0.528840541883032,0.259671906309052,-0.201801495733054,,123.0-097.0
,,-55,5,43,0.0445474535196226,0.0162902547553603,1.28405906466565,0.975557730646581,,125.0-095.0
,,-55,7,13,-0.905844660939795,-0.811226563371297,-0.0399423155081209,-0.0465719944828764,,125.0-097.0
,,-51,-1,38,-0.838606661101646,-0.77452956500718,0.321204750184903,-1.46273963117781,,129.0-089.0
,,-51,1,46,-0.607711290371846,-0.609728676633841,0.957889795872912,0.372910413312601,,129.0-091.0
,,-51,3,50,-0.635414390589675,-0.631553614075033,0.846021987920364,0.0696288278622848,,129.0-093.0
,,-51,5,44,-0.302428816306514,-0.32689448683738,1.15510889827022,0.229862150852428,,129.0-095.0
,,-49,-1,43,-0.259852967799767,-0.233253628559531,0.698237338742443,0.0872560378777177,,131.0-089.0
,,-49,1,34,-0.574569894323663,-0.5773898972797,0.835060667607541,-0.430483323164619,,131.0-091.0
,,-47,-25,49,-0.442970616976501,-0.483941723190694,1.09067428970878,2.81182699607709,,133.0-065.0
,,-47,-23,50,-0.391043964769005,-0.44020564397121,1.16281078808573,2.50107891400889,,133.0-067.0
,,-47,-1,50,0.0208609407532592,-0.0472160127606603,0.77785067727142,-0.409265073762098,,133.0-089.0
,,-45,-23,50,-0.455836521998363,-0.496793744478863,1.32573529599976,2.80703016135669,,135.0-067.0
,,-45,-3,49,-0.113803661661098,-0.185892762995466,0.431758571878464,-0.32365650662264,,135.0-087.0
,,-45,-1,49,-0.25436256780866,-0.317113498993582,0.540801658205047,-0.51673238612843,,135.0-089.0
,,-43,-3,49,-0.197773771998566,-0.257108349415297,0.316836445919491,-0.0025078879612338,,137.0-087.0
,,-41,-23,50,-0.498140178247455,-0.535431301813926,0.33067475983133,2.02515936958338,,139.0-067.0
,,-41,-21,49,-0.742099903693398,-0.711861240948714,1.04885934343353,2.03168548804714,,139.0-069.0
,,-39,-19,49,-0.664010612959618,-0.65886677249393,0.608404246443479,0.986522030408615,,141.0-071.0
,,-39,-17,50,-0.701013333044589,-0.682948663318839,0.663342926948379,1.0425021224257,,141.0-073.0
,,-39,-15,50,-0.606444706212289,-0.615655399958191,1.32350890734131,1.48431539392909,,141.0-075.0
,,-39,-13,49,-0.626134225643848,-0.629771208461618,0.861432822884462,1.25144438735217,,141.0-077.0
,,-39,-5,46,-0.355793015816783,-0.401557675478824,-0.766152874215206,0.22346591238589,,141.0-085.0
,,-39,-3,48,-0.135562256636679,-0.202301630888975,0.305902899028156,1.14819320625687,,141.0-087.0
,,-37,-13,49,-0.724731900207612,-0.6982872108467,1.01419026562493,1.3620802470721,,143.0-077.0
,,-37,-11,50,-0.276562838099507,-0.329453904339501,0.557540644643246,1.09930546094566,,143.0-079.0
,,-37,-9,50,-0.724524239731959,-0.698167236160644,2.09750135821354,3.06095099446737,,143.0-081.0
,,-35,-9,49,-0.724722669331861,-0.694859360982973,1.0630552809547,1.20914339337499,,145.0-081.0
,,-17,11,50,-0.327675266267627,-0.387879102039502,-0.632915064680069,-0.594107901853927,,163.0-101.0
,,-17,13,49,-0.383698312577611,-0.426061280259611,-1.28938128064194,-1.01403216715459,,163.0-103.0
,,-17,15,47,-0.692418584748302,-0.673265081190964,-1.48481823109185,-1.17928578622581,,163.0-105.0
,,-17,17,45,-0.638145941487964,-0.633543310249671,-1.76522794657899,-1.42063857749904,,163.0-107.0
,,-17,19,20,-0.880287971634776,-0.799038039671174,-1.99671209880689,-1.53717512736966,,163.0-109.0
,,-15,9,50,-0.552792689885945,-0.577816053002145,-0.0399423155081209,-0.0465719944828764,,165.0-099.0
,,-15,11,49,-0.199327507434368,-0.259595251064447,-0.902364016780966,-0.862663172678769,,165.0-101.0
,,-15,13,49,-0.364999766456183,-0.416832954076389,-1.38801074604753,-1.35902417643971,,165.0-103.0
,,-13,7,50,-0.106275668525552,-0.17773863786899,-0.135828417053431,-0.753803815330103,,167.0-097.0
,,-13,9,50,-0.323841301599257,-0.36369461196244,-0.622869168576001,-0.776227078441448,,167.0-099.0
,,-13,11,50,-0.183407196265894,-0.257486832394992,-0.633828612164806,-0.752994890492549,,167.0-101.0
,,-11,5,50,-0.301725287924418,-0.361407153444177,-0.332437703170177,-0.197649078462275,,169.0-095.0
,,-11,7,49,-0.316832315418171,-0.367745277440314,-0.526354379703749,-0.482659688823235,,169.0-097.0
,,-9,5,50,-0.422375249536187,-0.470459319447831,-0.0879924876291049,-0.123268637503095,,171.0-095.0
,,-7,5,50,-0.455983473620238,-0.498975933346764,0.0297763878499146,-0.00255541714764364,,173.0-095.0
,,-5,5,49,-0.579356759825224,-0.595380509345139,-0.0378217475280836,0.265689288430935,,175.0-095.0
,,-3,5,50,-0.276366742750622,-0.346178332724517,0.170539289233674,0.414068160269937,,177.0-095.0
,,-1,5,48,-0.529911115439949,-0.557648051111926,-0.707406504582621,-0.228398509972519,,179.0-095.0
,,1,5,40,-0.638246348081862,-0.642363114840194,-1.07689526236522,-0.521303725153364,,181.0-095.0
,,1,7,44,-0.615431939893147,-0.625169130828913,-0.759814188498739,-0.428697195561619,,181.0-097.0
,,3,7,49,-0.310500791630444,-0.367445050353147,-0.521924737972467,-0.871294086802979,,183.0-097.0
,,5,5,50,-0.0892460568189624,-0.163959584357842,-0.780329940163247,-0.893505966557591,,185.0-095.0
,,5,7,48,-0.0121157928993142,-0.0960873459594764,-0.701812989227121,-0.609933842529961,,185.0-097.0
,,7,1,50,-0.52236087069456,-0.555942433296482,0.393880200237342,0.851018428088109,,187.0-091.0
,,7,5,50,-0.290947751877022,-0.354220025388882,-0.831571989381514,-1.11460162295419,,187.0-095.0
,,9,-3,49,-0.345912562192562,-0.398078044726517,-0.0806993400210846,0.436317096492955,,189.0-087.0
,,9,-1,50,-0.25967312519579,-0.323227395363553,-0.315972236286666,-0.338363786086009,,189.0-089.0
,,9,1,50,0.0888747483309049,0.0149973047933908,-0.187592277836371,-0.377657207033722,,189.0-091.0
,,9,3,50,0.100995935318873,0.0240590368916856,-0.519534628393533,-0.866833404995757,,189.0-093.0
,,9,5,50,0.323742135175655,0.262500227626565,-0.611593411603242,-1.0852513434906,,189.0-095.0
,,11,-5,50,-0.527943604301624,-0.558421779598437,-0.26117970245933,0.185659982949855,,191.0-085.0
,,11,-3,49,-0.487869454510403,-0.51323546115648,-0.190555116899796,0.386109882798519,,191.0-087.0
,,13,-11,50,-0.608057665703016,-0.618361631352637,-0.176372142695126,0.241468944307094,,193.0-079.0
,,13,-9,50,-0.275257837308856,-0.341316641680732,0.722812452896609,1.10049799021758,,193.0-081.0
,,13,-7,50,-0.524607198510798,-0.548106089958055,-0.266885421173667,-0.104339117019723,,193.0-083.0
,,13,-5,50,-0.565976552058689,-0.586451147842992,0.010217393965344,0.290470814421186,,193.0-085.0
,,27,-33,40,-0.761910292615052,-0.727735256362269,-0.405548836646678,0.978017667760763,,207.0-057.0
,,29,-33,46,-0.550767853666518,-0.578265296787289,0.0319957386058856,1.11004749624967,,209.0-057.0
,,29,-31,49,-0.458002152650756,-0.502670475025463,0.709000900298105,1.87007040256647,,209.0-059.0
,,31,-31,49,-0.526958456341879,-0.559986175444514,-0.276703986568975,1.18941201466307,,211.0-059.0
,,33,-29,45,0.0410604597356453,-0.023833610045749,0.444549160858506,1.20212186329346,,213.0-061.0
,,33,-27,49,-0.349947792068636,-0.403389897796406,-0.822140901313686,0.162720519281892,,213.0-063.0
,,33,27,50,-0.938329589245306,-0.824083665236449,-1.93021619859426,-1.57478221159326,,213.0-117.0
,,35,-23,50,-0.53148533029281,-0.56045443657093,0.192712531216245,1.03968514723829,,215.0-067.0
,,35,-19,49,-0.120739795321619,-0.19254416343627,0.229660104502241,0.1695571491859,,215.0-071.0
,,35,23,50,-0.984534693926087,-0.84489657670122,-2.07605072087559,-1.7007360968501,,215.0-113.0
,,35,25,50,-0.987244611540786,-0.846435954714462,-1.9056138760025,-1.50225426344774,,215.0-115.0
,,35,27,38,-0.969042248937327,-0.83940069217498,-1.96744672879422,-1.52436809724445,,215.0-117.0
,,35,29,49,-0.977064805276266,-0.843326020306414,-1.99648000142395,-1.63581910622602,,215.0-119.0
,,37,-17,49,0.106268954177501,0.0259559936152047,-0.398113326853031,0.171841689009067,,217.0-073.0
,,37,19,49,-0.897472218591881,-0.80353139672003,-1.98400476709086,-1.58006686721946,,217.0-109.0
,,37,21,50,-0.967794525478799,-0.838899799814443,-0.0399423155081209,-0.0465719944828764,,217.0-111.0
,,37,25,48,-0.737075392319291,-0.709833415488736,-1.44996036457391,-0.876428630790791,,217.0-115.0
,,37,27,47,-0.926220145410046,-0.820515606470563,-2.07339127169606,-1.69058815348817,,217.0-117.0
,,39,-17,50,-0.18284782986916,-0.255050362750979,0.0885653064840156,0.503899638223388,,219.0-073.0
,,39,-11,49,-0.484536521013506,-0.522137533057345,-0.138978412133499,0.888369868476754,,219.0-079.0
,,39,-7,49,-0.130704716104436,-0.198744412861074,0.460542053668307,0.364121967225675,,219.0-083.0
,,39,-3,50,-0.4157329603286,-0.466184388749114,-0.0487310842725951,0.420810414115691,,219.0-087.0
,,39,15,49,-0.963550453839855,-0.831920403273641,-1.9755239000642,-1.60710529044977,,219.0-105.0
,,39,17,50,-0.903257025431977,-0.805699401379875,-1.64979708899969,-1.22508425553495,,219.0-107.0
,,39,19,50,-0.718063137348963,-0.679950751095754,-1.8891129525791,-1.51945224859762,,219.0-109.0
,,39,21,49,-0.664117582392624,-0.640182800548129,-2.03837357904482,-1.63268518254072,,219.0-111.0
,,39,23,46,-0.868845116086497,-0.781852090908223,-1.9132570829235,-1.54183741777833,,219.0-113.0
,,39,25,21,-0.971569597561878,-0.840751634783443,-2.03442792353482,-1.69506518732431,,219.0-115.0
,,41,-23,50,-0.151519124945525,-0.226418441116605,0.691447611089742,1.86492483125208,,221.0-067.0
,,41,-17,49,-0.0584158070214524,-0.143491650570788,-1.089572256389,-0.265770326709537,,221.0-073.0
,,41,-15,50,-0.410029427310371,-0.461485869903998,0.0806932364551131,0.612810172321153,,221.0-075.0
,,41,-13,50,-0.416996795550181,-0.463194776768035,0.0372153749509651,0.614825812502168,,221.0-077.0
,,41,-11,50,-0.257763242198716,-0.325967562090857,0.312909178443578,0.70135222717903,,221.0-079.0
,,41,-3,49,-0.664622271275199,-0.651759962650107,-0.121772304943752,0.270776765444762,,221.0-087.0
,,41,-1,49,-0.73418121573433,-0.702563116841865,-0.0736361951419547,0.328703023005691,,221.0-089.0
,,41,15,50,-0.925022052078967,-0.815106264000889,-1.53333695056639,-1.17634812793543,,221.0-105.0
,,41,17,49,-0.749790466369759,-0.70765955071687,-1.70870463222823,-1.28024351862685,,221.0-107.0
,,41,19,50,-0.821723739399011,-0.755566919043558,-1.69717247383762,-1.24728265173056,,221.0-109.0
,,41,21,47,-0.830647992310071,-0.765928551817086,-1.9671344730014,-1.62201345548162,,221.0-111.0
,,43,-23,49,-0.399012190972237,-0.442976638439577,-0.653401795360575,0.447427312131519,,223.0-067.0
,,43,-21,50,-0.575565648520606,-0.588970385112124,-0.64707902848728,-0.286305393517412,,223.0-069.0
,,43,-17,45,-0.821427012932902,-0.759633236607096,-0.528982588901149,0.185941156026378,,223.0-073.0
,,43,-13,50,-0.42701855863704,-0.467564802337372,1.33262443273111,1.36816728166068,,223.0-077.0
,,43,-11,41,-0.588613462346691,-0.601599526518453,-0.280235903265905,0.752678445356428,,223.0-079.0
,,43,-1,50,-0.745582606675791,-0.714657850618985,-0.481676031722975,0.365401901736594,,223.0-089.0
,,43,11,46,-0.790236271809371,-0.713308842589358,-1.51051547766925,-1.03581530589206,,223.0-101.0
,,43,13,50,-0.92203581850714,-0.810660469746146,-1.25225216739134,-0.815781522867684,,223.0-103.0
,,43,15,48,-0.811923108465613,-0.74497249925368,-1.6029709456542,-1.11114411918917,,223.0-105.0
,,43,17,48,-0.825130737495076,-0.758203648683651,-1.8270133285709,-1.50217263092196,,223.0-107.0
,,45,-25,48,-0.290808074860398,-0.357600069355714,-1.29009650270337,-0.46854642290889,,225.0-065.0
,,45,-21,50,-0.190390419895259,-0.257931491081442,-0.85829097371901,-0.112499010677778,,225.0-069.0
,,45,-19,49,-0.451169695044365,-0.480319607418873,-0.41122746546228,0.0359382894237193,,225.0-071.0
,,45,-17,49,-0.422754616109601,-0.461507174961185,-0.630667830110256,0.163141830525738,,225.0-073.0
,,45,-15,49,-0.330359853636298,-0.383332373798406,0.117091501555141,-0.205288361701798,,225.0-075.0
,,45,-13,49,-0.474789399521701,-0.505875830481229,0.61378930916188,1.12576459836837,,225.0-077.0
,,45,11,48,-1.0120652746644,-0.854623607085682,-1.48283398688884,-0.965983780309837,,225.0-101.0
,,47,-17,47,-0.0444986378181993,-0.10754902927408,-1.06550512396128,-0.288049381540693,,227.0-073.0
,,47,-13,50,-0.625175797038595,-0.611659056700917,0.27103619214863,0.908393112015964,,227.0-077.0
,,47,-9,50,-0.83674845576947,-0.771397320438336,0.431891953700968,0.451443922612634,,227.0-081.0
,,49,-17,50,-0.420555088137377,-0.465883154427231,1.21756747974686,1.67897364990383,,229.0-073.0
,,49,-15,50,-0.262870635765714,-0.317328261422767,-0.186946961548087,0.506883227358413,,229.0-075.0
,,49,-11,50,-0.800551966589402,-0.750563103684176,0.29564412328758,1.57153064734088,,229.0-079.0
,,49,27,49,-0.856200351720338,-0.781980966451703,-1.92904516179851,-1.70572866791586,,229.0-117.0
,,51,-15,50,-0.154003672372422,-0.230899535772054,1.5243050172103,2.11889162632535,,231.0-075.0
,,51,11,48,-0.883567968032368,-0.799937126115366,-1.67821926624126,-1.1571439112942,,231.0-101.0
,,51,25,47,-0.763653306793001,-0.72348674662886,-1.47195342849591,-1.25865660368473,,231.0-115.0
,,51,27,48,-0.853425790866256,-0.779977725354661,-1.63702445453442,-1.47172903274677,,231.0-117.0
,,53,-5,50,-0.906408898345283,-0.808928664070012,-1.54071810712192,-0.911683755640042,,233.0-085.0
,,53,13,12,-0.940564035909852,-0.82832735152635,-1.58781453441039,-0.879562814466442,,233.0-103.0
,,55,-5,49,-0.923123055312655,-0.813518757414529,0.778436746966063,-0.342783900501833,,235.0-085.0
,,55,17,37,-0.649319540273157,-0.648818941669132,-1.64959112116988,-1.04395523308788,,235.0-107.0
,,55,27,49,-0.612298671610129,-0.621935062175879,-1.75879090390172,-1.59936097026478,,235.0-117.0
,,57,-21,48,-0.378201362685346,-0.428994732950421,0.373214936956215,1.23321056787464,,237.0-069.0
,,57,-19,50,-0.487925234772956,-0.530501678323916,0.353970195620681,1.77941153844529,,237.0-071.0
,,57,27,45,-0.657817308118892,-0.650813352017686,-1.74773686051956,-1.45098048298433,,237.0-117.0
,,59,25,49,-0.720435005922129,-0.696294340866978,-1.52115457075119,-1.07680008877724,,239.0-115.0
,,61,25,48,-0.725183430545777,-0.698477041591999,-0.0399423155081209,-0.0465719944828764,,241.0-115.0
,,63,25,33,-0.722810118682608,-0.695538011735431,-0.0399423155081209,-0.0465719944828764,,243.0-115.0
,,65,25,38,-0.721912918815839,-0.698164493608806,-1.75657681702498,-1.45190726890445,,245.0-115.0
,,67,23,47,-0.386186955150391,-0.444339770844569,-1.27300851131174,-0.743157289309005,,247.0-113.0
,,67,25,49,-0.442282660826204,-0.487637117157035,-1.34507221873853,-0.950023151747456,,247.0-115.0
,,69,21,49,-0.643944467323164,-0.647761934687112,-1.49944345585556,-0.802941578242161,,249.0-111.0
,,69,23,49,-0.511271572423656,-0.542466279965472,-1.5352924972028,-0.992525408380322,,249.0-113.0
,,69,25,49,-0.554508530276997,-0.581782433170056,-1.71324932008523,-1.31001233960734,,249.0-115.0
,,71,21,38,-0.503927881652415,-0.527927872496607,-1.38134807276928,-0.787825249698288,,251.0-111.0
,,71,23,38,-0.627995552733841,-0.626563556639812,-1.35744232562104,-0.836182959368778,,251.0-113.0
,,73,-1,50,-0.453225757750211,-0.501407925615826,-0.588403203465965,-0.671466017920753,,253.0-089.0
,,73,1,50,-0.680052597709095,-0.674451617572807,-0.0399423155081209,-0.0465719944828764,,253.0-091.0
,,73,5,50,-0.740254768448001,-0.713518915341953,-0.890013752597938,-0.67042137669232,,253.0-095.0
,,73,7,50,-0.750374541914676,-0.721146689771846,-0.120406581539262,0.12410289476191,,253.0-097.0
,,73,15,49,-0.700603981195268,-0.686123867767287,-0.653857412705858,-0.00542306717948227,,253.0-105.0
,,73,17,48,-0.828804279541108,-0.763506320017958,-0.592373249910456,0.0786252462079459,,253.0-107.0
,,73,19,49,-0.691134591680556,-0.67154339016275,-0.978955397119214,-0.574166905361497,,253.0-109.0
,,73,21,38,-0.77693307126805,-0.731089767355458,-1.42183699026251,-0.894467696492131,,253.0-111.0
,,73,23,27,-0.782543316423888,-0.733587823922572,-1.74081775065324,-1.33119353592935,,253.0-113.0
,,75,13,50,-0.659089166781471,-0.649570223072106,-0.630068489538882,0.0902822396932333,,255.0-103.0
,,75,15,48,-0.794154025167561,-0.744018763172678,-0.503556764760897,0.310694818887112,,255.0-105.0
,,77,9,50,-0.489245802562925,-0.519876546646236,-0.619536707075146,-0.462740124045869,,257.0-099.0
,,77,11,48,-0.166806205133112,-0.23418108744017,-0.663859883031751,-0.417825957190753,,257.0-101.0
,,79,7,47,-0.100247050727853,-0.17436235424962,-0.24588084300953,-0.149899182620946,,259.0-097.0
,,81,5,50,-0.718800491431386,-0.701291090268886,-0.0399423155081209,-0.0465719944828764,,261.0-095.0
,,81,9,50,-0.787420418755029,-0.73516687817699,-0.782649325506295,-0.276095349567393,,261.0-099.0
,,81,15,49,-0.0921058966457748,-0.150148066911096,-0.431944413367903,-0.43491491109283,,261.0-105.0
,,81,17,47,-0.0718346641349769,-0.130283085461793,-0.697129450051182,-0.376291756516784,,261.0-107.0
,,83,17,50,-0.20006231797637,-0.270219241221198,0.0064490769969574,-0.705567777478598,,263.0-107.0
,,87,19,50,-0.362965437096093,-0.416006959973731,-1.05101777299933,-0.464124632004877,,267.0-109.0
,,87,23,50,-0.774739417285384,-0.737402672186306,-0.0399423155081209,-0.0465719944828764,,267.0-113.0
,,91,21,34,-0.451228110420563,-0.46740098864711,-0.276026116164135,-0.579915978678006,,271.0-111.0
,,91,23,36,-0.652259043352218,-0.633174986817076,-0.564383216541154,-0.487195162902768,,271.0-113.0
,,93,7,44,-0.245101381589468,-0.316359766183706,0.393022412648283,-0.16254822920929,,273.0-097.0
,,93,9,48,0.325998924762474,0.27497523821832,0.584082745769744,-0.730159269881976,,273.0-099.0
,,93,11,50,0.537341775169678,0.502533150357709,0.725992154694304,-0.412973313690006,,273.0-101.0
,,93,13,49,0.549114938147277,0.528455080341669,0.746375578448192,-0.421928162496372,,273.0-103.0
,,93,19,49,-0.540331434323319,-0.559933049470242,-0.749088468193126,-0.441686765012942,,273.0-109.0
,,93,21,45,-0.636945315847068,-0.631596004656892,-0.872305310085403,-0.242873397835694,,273.0-111.0
,,95,3,48,0.318675722829608,0.257066990634128,0.780252946834683,0.337735706647115,,275.0-093.0
,,95,15,49,-0.320897773593582,-0.38044753197826,-0.116773383518338,-0.505219976762024,,275.0-105.0
,,95,17,48,-0.312421678453908,-0.364387249632565,0.151614485613144,-0.401137891968139,,275.0-107.0
,,95,19,48,-0.583634644104525,-0.592021479600776,-0.304632670292063,-0.277381660485368,,275.0-109.0
,,97,1,41,-0.505834885189339,-0.533984416381152,0.692872108777543,-0.0496377651630356,,277.0-091.0
,,97,3,50,-0.212312272603289,-0.274581176489193,0.228147109696532,-0.360640766379562,,277.0-093.0
,,97,5,46,-0.444170891885577,-0.484800036146519,-0.582348569199283,-0.995791128293537,,277.0-095.0
,,97,11,50,-0.3378984485376,-0.397518051373865,0.393522320231293,-0.96483463315619,,277.0-101.0
,,97,13,44,-0.787867447057402,-0.742055635165727,1.203657614806,1.33073134744853,,277.0-103.0
,,97,15,47,-0.41562496598585,-0.442303519816803,0.334798304931787,-0.00379733449827956,,277.0-105.0
,,97,17,27,-0.88461637591171,-0.795998854021248,-0.772088073674505,-0.749725813554476,,277.0-107.0
,,99,-3,50,0.427505098037287,0.367682643700357,0.191322897936834,-0.575151917384643,,279.0-087.0
,,99,-1,50,0.355397784252001,0.294348849295414,0.477870912969003,-0.277398657859208,,279.0-089.0
,,99,1,49,0.196041573074257,0.122479691959571,0.723821602375703,0.268836111528209,,279.0-091.0
,,99,3,49,-0.274326390986268,-0.331883415731418,0.0108523513649823,-0.96652391915156,,279.0-093.0
,,99,5,48,-0.358498306658243,-0.406157793269577,-0.131292167452255,-0.796842972685552,,279.0-095.0
,,99,13,49,-0.413743706051188,-0.429304783504631,0.279272873374398,-0.840946658081957,,279.0-103.0
,,99,15,48,-0.366293248263583,-0.393593490017005,0.0537665909363047,0.226441252277086,,279.0-105.0
,,101,-3,49,0.313608482002443,0.246610495079721,0.267684703472101,-0.519411640799047,,281.0-087.0
,,101,-1,47,0.177358807434327,0.0980870927989058,0.698728121909536,0.846557276498479,,281.0-089.0
,,101,1,50,-0.0975107845669663,-0.166225196452638,0.878658010403898,0.567405900972122,,281.0-091.0
,,101,7,50,0.332374444595179,0.293321848348319,0.282896619303635,-1.06075688091546,,281.0-097.0
,,101,9,48,0.130751564089733,0.0863622709223134,0.296818426206907,-1.41445512763492,,281.0-099.0
,,103,-5,50,0.34272755060334,0.269771626978062,0.651768383265125,-0.510334703091953,,283.0-085.0
,,103,-1,50,1.04657191736839,1.16306054162789,0.296022152796853,-0.978076625242762,,283.0-089.0
,,103,3,50,0.248663312135155,0.199050105932047,0.259532965724041,-0.252857875653105,,283.0-093.0
,,103,5,50,0.485490324875831,0.464368551143461,0.273306379102161,0.42255421642936,,283.0-095.0
,,103,11,50,-0.320636688973903,-0.358653993469185,0.130393440249526,-0.130741303446968,,283.0-101.0
,,105,-7,49,-0.0429877704072949,-0.124091179826726,0.428219204745386,-0.329551566740893,,285.0-083.0
,,105,-1,50,1.33447612816512,1.51365959742351,0.38655999032652,-0.779939077926079,,285.0-089.0
,,105,1,50,0.16693969970102,0.108750898223765,0.0262070644117286,-0.739919330171738,,285.0-091.0
,,105,3,49,0.726616503238573,0.716870255230242,0.444338622679124,-0.116642887348001,,285.0-093.0
,,105,11,47,-0.503936424650448,-0.537953576730771,-0.9989046094634,-0.708893650260143,,285.0-101.0
,,105,19,44,-0.426482483912344,-0.473858317802643,-1.29856532996545,-0.707203159639772,,285.0-109.0
,,107,-3,49,0.202985094201747,0.148895745086494,0.0345246291140515,-0.967556809990782,,287.0-087.0
,,107,1,50,-0.0938411906552048,-0.178155553484683,-0.0526934314650132,-0.844092980919378,,287.0-091.0
,,107,3,48,0.00947713650059816,-0.062664961916228,0.668334250771977,0.410409208583273,,287.0-093.0
,,107,5,50,-0.0492099425055371,-0.133989671676747,-0.0343524094462203,-1.45369519713246,,287.0-095.0
,,107,17,42,-0.344174196862537,-0.389132999907135,-1.03701212552416,-0.365691095367001,,287.0-107.0
,,109,-5,49,-0.719075111676454,-0.69853265012539,0.517946996668576,-1.79684308986597,,289.0-085.0
,,109,-3,49,0.329120266972103,0.27438869070055,-0.00553342148584887,-1.20862853496525,,289.0-087.0
,,109,-1,50,0.525654724544805,0.482994905477003,0.58284956975939,-0.654061475239762,,289.0-089.0
,,109,1,49,0.415696910601012,0.365807841790791,0.549906601524259,-0.0944132772712382,,289.0-091.0
,,109,3,49,0.550628463135596,0.509026298449891,0.275456410411817,-0.469482136357799,,289.0-093.0
,,109,5,50,0.547681401348579,0.488196166510214,0.362480432995189,-0.754987571375026,,289.0-095.0
,,109,11,34,-0.424242403413427,-0.472518759798179,-1.4074665786729,-0.805798352213795,,289.0-101.0
,,109,13,50,-0.395762521382409,-0.45168897306772,-1.2211296815363,-0.526783207782723,,289.0-103.0
,,109,15,27,-0.334667258118983,-0.399928649007862,-0.6542576564593,0.242640031727632,,289.0-105.0
,,111,-7,36,-0.850691993301389,-0.778812674304833,-0.899036704143619,-0.389821362283252,,291.0-083.0
,,111,-1,50,-0.238822408265074,-0.315713729683851,0.60643386942213,0.0354870789762472,,291.0-089.0
,,111,1,50,-0.0313892636991803,-0.110229784705673,0.524574537804659,-0.0369327771056462,,291.0-091.0
,,111,3,50,0.427829846283728,0.363264717524675,0.457303906953792,-0.402559111756088,,291.0-093.0
,,113,-27,50,-0.571079168116172,-0.584658808115124,-1.35192070141974,-0.466034122468007,,293.0-063.0
,,113,-25,50,-0.340420752785335,-0.392843182842952,-1.64976101227226,-1.00448256296983,,293.0-065.0
,,113,-9,48,-0.232373937366475,-0.309717592528909,0.515200510970439,0.912359318845539,,293.0-081.0
,,113,-7,32,-0.624312745788506,-0.624170171541536,-0.829306074994189,-0.297490993957403,,293.0-083.0
,,113,-5,50,-0.462719866896565,-0.493080326424019,-0.0190769758647309,-0.299830319145785,,293.0-085.0
,,113,-3,50,0.707653810144994,0.69842032899636,0.653307523091402,-0.259921576352177,,293.0-087.0
,,113,3,50,0.772202721424231,0.750423917454184,0.571681722754271,-0.0900983018873461,,293.0-093.0
,,113,21,49,-0.133602825874751,-0.213574637435598,-0.778592502699771,-0.301451607568611,,293.0-111.0
,,115,-29,50,-0.54646201032617,-0.572593033642524,-1.12870038024075,-0.0519698919459336,,295.0-061.0
,,115,-21,49,-0.23487261664699,-0.297663050531114,-1.62227548666341,-1.23739842125411,,295.0-069.0
,,115,-7,47,-0.0810981934864006,-0.126177960628713,0.201984046860174,-0.235427113972003,,295.0-083.0
,,115,-5,50,-0.524728158488739,-0.547566998163553,0.309454096223544,-0.170734432401212,,295.0-085.0
,,115,-3,48,0.25098384504601,0.225666093583409,-0.0642807423087811,-0.628431696435062,,295.0-087.0
,,117,-9,50,-0.490750772577156,-0.507325539386589,-0.195456468148644,-0.0572692894036306,,297.0-081.0
,,117,-7,50,-0.656428946865593,-0.656897076023823,0.39132080829016,-0.154879957338272,,297.0-083.0
,,117,-5,50,-0.00329098009377291,0.0228062929679861,0.557347204427041,-0.75065862183083,,297.0-085.0
,,117,-3,50,0.938597604934013,0.993150517007737,0.349131643691006,-0.335387047265352,,297.0-087.0
,,117,1,50,0.638410126793028,0.652625508525991,0.49059518869595,-0.778153117259486,,297.0-091.0
,,117,3,50,0.526575749936987,0.501121554345912,0.0731341330650085,-0.736421735428006,,297.0-093.0
,,117,5,50,0.895626774534984,0.926992841242829,0.659244479547111,-0.713889861545232,,297.0-095.0
,,117,7,50,0.53814404586189,0.50775989598229,0.676246687587666,-0.713298586256202,,297.0-097.0
,,117,9,50,0.248627069680639,0.17915330831125,0.780303994211083,-0.169051604368865,,297.0-099.0
,,119,-19,50,-0.514123857250323,-0.541630406686199,-1.19473076276168,-0.969828236749596,,299.0-071.0
,,119,-9,50,-0.0271711093140085,-0.088688168908119,-0.411133810102015,0.174381683866706,,299.0-081.0
,,119,-7,50,-0.661862406502462,-0.659991966419913,0.577022692618117,-0.670612247100381,,299.0-083.0
,,119,-3,45,-0.00370574646182863,-0.0791093820224977,0.341328200536667,0.064956941802695,,299.0-087.0
,,119,-1,49,0.272867781579365,0.230736443193135,0.238807275800367,0.610670148333903,,299.0-089.0
,,119,1,50,0.352017322022879,0.32118414744341,0.399616578732875,-0.661851801774027,,299.0-091.0
,,119,3,50,1.03879061253787,1.19473837255272,0.528703886565457,-0.486067379350812,,299.0-093.0
,,119,5,50,0.62077354300748,0.620065467828858,0.706992078753351,-0.471368436018415,,299.0-095.0
,,119,7,50,0.687665091243883,0.689893443988004,0.67963584110736,-1.33819358463509,,299.0-097.0
,,119,13,49,0.708842716132464,0.694730548987617,0.651593525253487,-0.155517698851975,,299.0-103.0
,,119,27,33,-0.622194913396996,-0.62922783510616,-1.06378032318897,-0.194842677239994,,299.0-117.0
,,121,-19,50,-0.462891356866114,-0.501629318660472,-1.12337364228252,-0.627615945748546,,301.0-071.0
,,121,-11,50,-0.0776885370517061,-0.142476031001044,0.31736399820702,1.34376214668521,,301.0-079.0
,,121,-9,50,-0.0452660047835292,-0.0950688500775455,0.398167130701377,0.769925206712567,,301.0-081.0
,,121,-7,50,-0.134301806260045,-0.187117504013624,0.502486338986014,-0.836404676268652,,301.0-083.0
,,121,-5,48,-0.476360822398927,-0.496893484569442,0.0956163764837707,0.040399127088906,,301.0-085.0
,,121,-3,49,0.0963254122313681,0.0407480123480429,-0.284169559443003,0.150871924421083,,301.0-087.0
,,121,-1,49,0.114663071694621,0.0692414413199531,0.452004008167811,0.144064654634893,,301.0-089.0
,,121,1,49,0.183842394256023,0.14935269086534,0.131765820518062,0.0512045707753401,,301.0-091.0
,,121,5,50,0.465720452675183,0.478453473599486,0.451853747201743,-0.692992037631607,,301.0-095.0
,,121,7,49,-0.360240629152847,-0.387446169125131,0.215747756358342,-0.688841753411139,,301.0-097.0
,,121,11,50,0.286766201683544,0.219004233741513,0.452344466651846,-0.443711089774055,,301.0-101.0
,,121,15,48,-0.0295835986729139,-0.096223291759923,0.565736573702111,-0.284325903996384,,301.0-105.0
,,121,19,49,0.0234068221828256,-0.0633029002149922,0.874449963349891,0.513758530388764,,301.0-109.0
,,121,29,50,-0.670507902706538,-0.662807579397766,-0.0399423155081209,-0.0465719944828764,,301.0-119.0
,,123,-19,50,-0.475294816921697,-0.506726356211814,-1.41302333755189,-1.01280107339456,,303.0-071.0
,,123,-17,50,-0.480641564540464,-0.506700570514944,-1.16606327437464,-0.78404145363547,,303.0-073.0
,,123,-9,50,-0.0539537790716015,-0.104584971425894,-0.0195950677987491,0.318792898052035,,303.0-081.0
,,123,-3,50,0.544882603170887,0.569359025499345,0.373098363145838,-0.733323113295616,,303.0-087.0
,,123,-1,50,-0.331542207464271,-0.370544012116995,0.295020112895158,-0.398612153242175,,303.0-089.0
,,123,1,50,0.0167470737584586,-0.0239773435174528,0.511905419840066,0.242607752518696,,303.0-091.0
,,123,7,47,-0.280071516064106,-0.333785156195139,0.416040781404509,-0.764562775757099,,303.0-097.0
,,123,9,47,-0.0527177820035594,-0.119680692307211,0.446570934389785,-0.370431241692615,,303.0-099.0
,,123,13,47,0.0446764529277707,-0.027201058309993,0.417656581543139,-0.426037560201429,,303.0-103.0
,,123,15,48,-0.0789297717507238,-0.150742327306355,0.642374785918285,-0.463454102076092,,303.0-105.0
,,123,17,47,0.163959196172211,0.101734756090419,0.897771869592498,0.514844632491769,,303.0-107.0
,,123,19,49,-0.0389918005545595,-0.112980537833755,0.895948078062961,0.200900830734335,,303.0-109.0
,,123,25,49,0.153865520293129,0.0761402891994706,0.987039245196448,1.51340289044023,,303.0-115.0
,,125,-17,50,-0.45863792720169,-0.491292670238719,-0.947201563357137,-1.00466314910168,,305.0-073.0
,,125,-15,50,-0.404250133475974,-0.447840363778696,-0.88585952534583,-0.882391491997383,,305.0-075.0
,,125,-11,49,-0.583507599332756,-0.586731100331257,0.0191254079257515,0.547452568861415,,305.0-079.0
,,125,-7,48,-0.069183791301151,-0.110323283851407,0.581498320742682,0.164849642457783,,305.0-083.0
,,125,-5,50,0.137928328249481,0.0463243570690188,-0.0399423155081209,-0.0465719944828764,,305.0-085.0
,,125,-3,50,0.191298541579746,0.158381368591047,0.374834276168731,-0.587051115092119,,305.0-087.0
,,125,-1,50,-0.326169361630249,-0.376814019680583,0.380604011257863,-0.673686175476909,,305.0-089.0
,,125,3,49,0.313442523528018,0.257359488290185,0.604207686744948,-0.142166075805968,,305.0-093.0
,,125,7,47,-0.342702757712101,-0.383649056996191,0.868139986417932,-0.0388071763905584,,305.0-097.0
,,125,9,49,0.499182756505176,0.461114910638683,0.600112222815987,-0.513693723252498,,305.0-099.0
,,125,13,48,-0.0364597581434018,-0.0950624791751009,0.624324745622124,-0.612335703184687,,305.0-103.0
,,125,15,49,0.0328938430427193,-0.0480985537923898,0.832362934162856,-0.18327613478097,,305.0-105.0
,,127,-15,50,-0.537290077595797,-0.553865370118871,-1.31596039075721,-0.85470610679171,,307.0-075.0
,,127,-13,50,-0.442700695767408,-0.477719548615529,-1.08142973290011,-0.684459168254556,,307.0-077.0
,,127,-9,50,-0.382249353437096,-0.31660965374064,0.527386705613929,0.917427028940716,,307.0-081.0
,,127,-3,50,0.544892540767099,0.545432338194403,0.635418854332557,-0.346991826978445,,307.0-087.0
,,127,-1,50,-0.288682353703186,-0.323923365025793,0.471769323546722,0.0163400628318624,,307.0-089.0
,,127,1,50,0.5909183644619,0.571262073467145,0.629613746923229,-0.0601880184779601,,307.0-091.0
,,127,3,49,0.56611212456242,0.527903486052126,0.290269643713124,-1.10392392315622,,307.0-093.0
,,127,5,50,-0.0459738855003216,-0.13475414238862,-0.405800587437046,-0.139445163725725,,307.0-095.0
,,127,7,50,0.921299014107248,0.947877900067147,0.74702305334363,-0.935761220134827,,307.0-097.0
,,127,9,50,0.710409097409818,0.69299182435068,0.677449678620749,-0.588671026492226,,307.0-099.0
,,127,11,50,0.746063300743096,0.751845104702365,0.352827912422285,-0.816454612395958,,307.0-101.0
,,129,-15,48,-0.59887645405337,-0.599000175586151,-1.50262873899595,-1.13186829337694,,309.0-075.0
,,129,-13,50,-0.408298329083401,-0.44792842829431,-0.425007505870085,-0.667194035096692,,309.0-077.0
,,129,-7,50,-0.824863511731255,-0.768157363013885,0.908857013887142,1.00466083310069,,309.0-083.0
,,129,-3,50,-0.0128289928002057,-0.078919494132489,0.519670550603011,-0.737160136115752,,309.0-087.0
,,129,-1,50,0.420846788760796,0.457759778324564,0.341689587809421,-0.434584424200831,,309.0-089.0
,,129,1,50,0.607499881661615,0.595701378481607,0.63395992280769,-0.0350273942205084,,309.0-091.0
,,129,3,50,0.193027534558928,0.122797795030045,0.506685610532514,0.197279826129168,,309.0-093.0
,,129,27,46,-0.305574585583486,-0.374976655907108,0.735250694244831,1.4300341994004,,309.0-117.0
,,129,29,49,-0.182872056193975,-0.263522582755035,1.10484391233233,2.4964618053255,,309.0-119.0
,,131,-13,50,-0.420600591555532,-0.454630168119436,-0.562079187912236,-0.429651759301798,,311.0-077.0
,,131,-11,50,-0.199875109602916,-0.25492955582395,0.0288921460225065,-0.29903398736192,,311.0-079.0
,,131,-9,50,0.383594342932795,0.326231991280293,1.1479118392374,-0.157234558338009,,311.0-081.0
,,131,-7,50,0.178744501473546,0.120285366689863,0.866375618812073,-0.122388084414718,,311.0-083.0
,,131,-5,50,-0.389334392610275,-0.448038773613779,-0.0399423155081209,-0.0465719944828764,,311.0-085.0
,,131,-3,49,0.584852752819721,0.575064363456597,0.460762142399481,-1.07128254954469,,311.0-087.0
,,131,-1,50,1.00002689449984,1.05613500665939,0.460233230772095,-0.673370754339087,,311.0-089.0
,,131,1,50,-0.113681317232605,-0.171855855560558,0.224465963765408,-0.332633100977972,,311.0-091.0
,,131,31,49,-0.469104933552465,-0.514277869692324,0.0458705904906456,0.656347600648745,,311.0-121.0
,,133,-33,50,-0.917304546104702,-0.816965708064338,-0.682947192111679,0.646415593984077,,313.0-057.0
,,133,-13,49,-0.387030720489066,-0.419421603542735,-0.839992907190682,-0.462250985518136,,313.0-077.0
,,133,-11,50,-0.0173438602996594,-0.0769605954875393,-0.514717880685831,0.0530917104393442,,313.0-079.0
,,133,-5,50,0.515845412755936,0.473588765968316,0.888934983068028,0.698541030574979,,313.0-085.0
,,133,-3,50,1.03469122979843,1.1283429895527,0.53645660049073,-0.695287279490832,,313.0-087.0
,,133,-1,50,0.853171861006893,0.862482275406725,0.542035413367608,-1.13240216642791,,313.0-089.0
,,135,-33,50,-0.872755036464843,-0.792975313026507,-1.17507193038371,-0.132507609685676,,315.0-057.0
,,135,-15,48,-0.352477959323525,-0.402240597868131,-1.23735811973947,-0.642928731117145,,315.0-075.0
,,135,-13,50,-0.25612439106247,-0.306446531189664,-0.731097683324151,-0.0869654106598863,,315.0-077.0
,,135,-11,50,-0.513555319462946,-0.53857505709956,-0.222596054930312,0.25990888934372,,315.0-079.0
,,135,-7,50,0.422312426441418,0.380996219258885,0.491877104667085,-0.49953676207149,,315.0-083.0
,,135,-5,50,0.404148905790532,0.367330977630596,0.472646795587298,-0.599338057568708,,315.0-085.0
,,135,-3,50,0.496268906691251,0.475864246457133,0.671974346756355,-0.051644230165142,,315.0-087.0
,,135,-1,50,0.00750410417860356,-0.0696843641245258,0.495212036900263,-0.260621322563439,,315.0-089.0
,,135,9,50,0.487864777962407,0.428589724543798,-0.0399423155081209,-0.0465719944828764,,315.0-099.0
,,137,-35,49,-0.914968256496275,-0.814717369134059,-1.12123175686242,0.00575562039172964,,317.0-055.0
,,137,-33,43,-0.873879823887073,-0.793159194662808,-1.38897316567761,-0.559636901319652,,317.0-057.0
,,137,-17,49,-0.478753473250293,-0.514758904632102,-1.20659972096328,-0.411193598896845,,317.0-073.0
,,137,-15,49,-0.339943526620036,-0.386245935562799,-1.22757781495553,-0.598034259606129,,317.0-075.0
,,137,-13,50,-0.0715736091736244,-0.115760842629047,-0.453009680881538,0.181910134027326,,317.0-077.0
,,137,-11,50,-0.314417746674042,-0.363763168694856,-0.13955836816842,0.0649855456360927,,317.0-079.0
,,137,-9,48,-0.10133337970317,-0.146825726290685,0.890123641893765,-0.60360698900134,,317.0-081.0
,,137,-7,50,0.337969995438591,0.296530095607622,0.797853402447105,-0.732067551869691,,317.0-083.0
,,137,-5,50,0.756778264124134,0.755777418957101,0.25773533699714,-1.31506546032692,,317.0-085.0
,,137,-3,50,0.696787730525866,0.691827340735196,0.568266512665699,-1.14206189059371,,317.0-087.0
,,137,-1,50,0.61232512616017,0.602118773008955,0.381016202095104,-1.3038035082237,,317.0-089.0
,,139,-35,49,-0.788488515551891,-0.742270775104533,-0.284544729360607,1.30034859069464,,319.0-055.0
,,139,-33,45,-0.819112214609017,-0.76229515240153,-1.15104045973217,-0.2236180715327,,319.0-057.0
,,139,-17,49,-0.262894705699204,-0.314308843292102,-1.22887999397237,-0.605340010805197,,319.0-073.0
,,139,-9,50,0.00932338572359379,-0.0331226605541762,0.861184348890971,-0.764186018915685,,319.0-081.0
,,139,-7,49,0.46846525589051,0.427944119785791,0.767488927480934,-0.346646821927727,,319.0-083.0
,,139,-5,50,0.0856060373554412,0.0197824455511597,0.50843408011472,-0.281803401929254,,319.0-085.0
,,139,-3,49,0.950083650463196,1.00064178640515,0.758388027144997,-0.739715563949674,,319.0-087.0
,,139,-1,50,1.36494495118159,1.50455707190878,0.43719144727125,-0.891085024791245,,319.0-089.0
,,141,-17,49,-0.181647879448666,-0.227224290549988,-1.3504987310007,-0.757227851535927,,321.0-073.0
,,141,-15,50,-0.39529806677106,-0.425463406362069,-0.941027065040007,-0.270743368189158,,321.0-075.0
,,141,-13,50,0.142874194112967,0.0820011146297263,-0.173099399405772,0.116368177149103,,321.0-077.0
,,141,-11,50,-0.173067585618241,-0.251355613032333,-0.00380881458528801,0.188296716465121,,321.0-079.0
,,141,-9,50,0.0839255812117587,0.0316501175678253,0.750080383782302,-0.29664965167037,,321.0-081.0
,,141,-7,50,-0.2093877877351,-0.283442081408897,0.271792248900665,-0.802731544556021,,321.0-083.0
,,141,-3,50,0.28368686243253,0.241067748795934,0.248256870945033,0.262999477835955,,321.0-087.0
,,143,-15,50,-0.123977151964285,-0.189010939852425,-0.630952865494008,0.19361643063712,,323.0-075.0
,,143,-13,50,0.175617687889647,0.100399521273239,0.049332990750211,0.565290880851797,,323.0-077.0
,,143,-11,50,0.22253931038649,0.160628473374212,0.299047637944891,0.479395377222997,,323.0-079.0
,,143,-9,50,-0.134101314079931,-0.168723048469969,0.628008474353389,-0.803618263801649,,323.0-081.0
,,143,-7,46,-0.393534416908234,-0.441869623681107,0.331368701118168,-1.21357709003615,,323.0-083.0
,,143,-3,48,0.31746623257074,0.258947809777513,0.622944356234848,-0.680432222961419,,323.0-087.0
,,145,-39,48,-0.905734983608057,-0.810649613730816,-0.379851968813397,1.29288975923318,,325.0-051.0
,,145,-19,50,0.102944419962664,0.0157791697138513,1.42314319294784,2.06184167709926,,325.0-071.0
,,145,-17,50,0.126282354893218,0.0436335076721503,1.28107244404184,1.88809893780061,,325.0-073.0
,,145,-15,50,0.0435755435174888,-0.0312523350374846,-0.327891349706749,0.325840976620061,,325.0-075.0
,,145,-9,50,-0.220539539900269,-0.279822173675593,0.962224081116396,0.887362796149694,,325.0-081.0
,,145,-7,50,0.281852917752948,0.213151034479472,0.559211800591864,-1.08230109803356,,325.0-083.0
,,145,-5,49,0.59269632209807,0.559471063886408,0.840769986344084,0.303076205158806,,325.0-085.0
,,145,-3,50,0.117823501622655,0.0653377952673658,0.349647462748404,-0.873111687594467,,325.0-087.0
,,145,13,50,-0.205060934262059,-0.286092693981458,0.225968488928658,-0.0872373024869517,,325.0-103.0
,,147,-39,46,-0.848233661060329,-0.779003391048307,-0.568065923667172,0.906107763446686,,327.0-051.0
,,147,-17,50,0.196382743779518,0.115825680878966,1.24863836484642,1.55664904210732,,327.0-073.0
,,147,-11,50,-0.170675864832461,-0.232916132147269,1.04943903346184,-0.299374588318733,,327.0-079.0
,,147,-9,50,0.388221661081107,0.328160689491508,0.829575574448437,0.0721261909273135,,327.0-081.0
,,147,-7,49,0.216881425713028,0.173560027577985,0.51538768418206,0.201365713762261,,327.0-083.0
,,147,-5,50,0.15695678237382,0.0928127193015986,0.242699288554381,0.168265692474886,,327.0-085.0
,,147,-3,49,0.530531042885549,0.544101116819702,0.907978598055062,0.00283119145082736,,327.0-087.0
,,147,-1,47,0.677198556921358,0.731356895021622,0.689281719691174,-0.839550037314807,,327.0-089.0
,,149,-37,46,-0.919790328023966,-0.817798449955347,0.0992494256686786,2.20480829733217,,329.0-053.0
,,149,-23,49,-0.537416950160204,-0.565178940775707,-0.554713562905544,0.363200052705657,,329.0-067.0
,,149,-21,49,-0.391079936590126,-0.443890749834309,0.165641260198226,1.33107063648951,,329.0-069.0
,,149,-19,50,-0.479271824520257,-0.509895499349533,-0.139359578944504,0.789956441122917,,329.0-071.0
,,149,-11,50,-0.172369362010159,-0.219623499877568,1.17469523754121,0.700323416598343,,329.0-079.0
,,149,-9,50,0.0798801115483375,0.0495865691542984,0.858486081691749,0.102952222724563,,329.0-081.0
,,149,-7,48,-0.0096322570319144,-0.0780441561124083,0.329496413072601,0.102872299673944,,329.0-083.0
,,149,-5,49,-0.161091381517042,-0.223759108098539,0.392699226989272,-0.257546198179961,,329.0-085.0
,,149,-1,50,0.294634293397439,0.232798151436808,0.856207638967361,0.119460196982594,,329.0-089.0
,,151,-37,47,-0.888304821045752,-0.802682062931119,0.386380937309958,2.53156743572319,,331.0-053.0
,,151,-25,49,-0.465593312550964,-0.504323899131517,-0.376101452441849,0.762736066144724,,331.0-065.0
,,151,-23,49,-0.577324411346745,-0.593871554080145,-0.304822259183414,0.726487301069775,,331.0-067.0
,,151,-11,50,-0.696732965246671,-0.679039246705432,1.05933005416704,0.526193175079818,,331.0-079.0
,,151,-9,50,-0.612810180893948,-0.606480922094566,0.501909627133015,-0.360600560011234,,331.0-081.0
,,151,-7,48,0.170653570142304,0.124064827198293,0.51094684652744,0.301722947355694,,331.0-083.0
,,151,-5,49,0.0681109834340432,0.0232569740486253,0.943233610012902,0.581814419538348,,331.0-085.0
,,151,-3,49,-0.12853954915939,-0.166289192968148,0.649370123774218,-0.491667568658525,,331.0-087.0
,,151,7,50,-0.103387177935435,-0.159413725527928,0.515686963752543,-0.638051316616551,,331.0-097.0
,,153,-33,48,-0.474471371124954,-0.506947994728789,0.168347478097228,1.92166808795392,,333.0-057.0
,,153,-31,46,-0.143383260559034,-0.212551962784591,0.376829211993257,2.04204675623331,,333.0-059.0
,,153,-29,46,-0.226180143621526,-0.290427421844368,0.3464719797673,1.8852765743623,,333.0-061.0
,,153,-11,49,-0.76765319283311,-0.722275212159938,0.890437914059692,0.49081581535818,,333.0-079.0
,,153,-9,50,-0.79524962913567,-0.748233777111649,0.409203523757596,-0.572293418504225,,333.0-081.0
,,153,-5,48,-0.350013633722083,-0.385359788994637,0.907289477395536,0.320893404270608,,333.0-085.0
,,153,-3,49,0.343585768483692,0.37246160378566,0.779267926879647,-0.220010453567561,,333.0-087.0
,,155,-11,49,-0.572826061928227,-0.584346134108519,0.957766796194937,0.634418154679696,,335.0-079.0
,,155,-7,50,-0.139202205675693,-0.170134414231948,0.717646018708831,-0.0963919758526818,,335.0-083.0
,,155,-5,49,0.663996612308871,0.683144786323127,0.827740665729946,0.214041561492249,,335.0-085.0
,,157,-9,47,0.550354311072262,0.569352077759093,0.662495593233789,0.162103973474688,,337.0-081.0
,,157,-7,49,0.0882984038488273,0.0662677564610466,0.686594233150783,-0.103975685059666,,337.0-083.0
,,159,-9,49,0.617518938693559,0.642559272807003,0.827323463031609,0.401928120313893,,339.0-081.0
,,159,-7,49,0.16298892215682,0.121776883171151,0.637114625881429,0.0392515662929471,,339.0-083.0
,,161,-11,48,0.0887295965710686,0.0160574253798186,0.533555545671366,-0.482177931779895,,341.0-079.0
,,161,-9,50,0.373013050563975,0.331204429201496,0.75969686187372,0.482331222671886,,341.0-081.0
,,163,-21,49,-0.432970474530736,-0.482057444689661,0.449708013745549,0.88822904758695,,343.0-069.0
,,163,-19,50,-0.413593121217747,-0.465647397294084,1.05954623976166,0.9986168374219,,343.0-071.0
,,163,-11,48,0.291018903750434,0.242327676846894,0.814258868046814,-0.0359917651878142,,343.0-079.0
,,165,-21,49,-0.377629902252595,-0.433820081319923,0.00298056122827515,1.03756709595168,,345.0-069.0
,,165,-11,47,0.748030079875369,0.792999399652569,0.979809840731625,0.719694813685622,,345.0-079.0
,,167,-23,48,-0.503991941063533,-0.537878979334794,-0.0309938131037538,1.26739816603271,,347.0-067.0
,,167,-21,47,-0.380893768514591,-0.434096203786635,-0.294313248530525,0.946050257545449,,347.0-069.0
,,167,-17,50,-0.0149162884688118,-0.0876245948935229,0.940619641000682,0.297676432931039,,347.0-073.0
,,167,-11,50,0.854472117834934,0.899532179426499,0.724872277874836,0.568954020496533,,347.0-079.0
,,169,-17,48,-0.483714134243664,-0.523525210460568,1.50514862190841,1.98381135829595,,349.0-073.0
,,169,5,50,-0.42198396991815,-0.474597388481655,-0.0399423155081209,-0.0465719944828764,,349.0-095.0
,,173,-35,48,-0.786502286841153,-0.741838084423339,0.835689422875765,3.36133943581981,,353.0-055.0
,,173,1,50,-0.76658002516437,-0.732155819179453,-1.09675449645273,-0.226299620146905,,353.0-091.0
,,173,3,50,-0.663617527931908,-0.661033506617114,0.186053446375482,-0.0364195632297328,,353.0-093.0
,,173,7,50,-0.628782636958636,-0.638190605224031,-0.0399423155081209,-0.0465719944828764,,353.0-097.0
,,175,-35,48,-0.818216947629954,-0.761159472068619,0.613271958711587,2.94897603726133,,355.0-055.0
,,177,-39,33,-0.711788340660524,-0.695059630404609,0.886385767266025,3.54518760034321,,357.0-051.0
,,177,-37,45,-0.733274713108686,-0.708924720040941,0.857680492167409,3.19744065076851,,357.0-053.0
,,177,-19,50,-0.0167685720273305,-0.0929280717057098,1.15672014734925,1.18034805542631,,357.0-071.0
,,177,-17,50,-0.289251796866899,-0.355235704715608,1.01195710349202,0.557583118507711,,357.0-073.0
,,179,-19,50,0.098560997729569,0.0185791492950023,1.43209665135102,1.36725860163609,,359.0-071.0
,,179,-17,49,-0.285373297937835,-0.339804275557292,1.08996693027889,0.53323970233402,,359.0-073.0
,,179,-9,50,-0.169088321612875,-0.254059018741508,-0.0399423155081209,-0.0465719944828764,,359.0-081.0
,,179,-7,50,-0.171107889867353,-0.250791952269338,-0.0399423155081209,-0.0465719944828764,,359.0-083.0
